track_id,track_name,artist_names,artist_ids,main_artist_name,main_artist_id,album_id,album_name,release_date,duration_ms,duration_min,popularity,explicit,track_url,added_at,is_local,artist_name_from_api,main_artist_genres,artist_popularity,artist_followers,title_script,song_title_language,genre_language_tags
0VGPId3riSeBV5FTRn850F,需要人陪,Leehom Wang,2F5W6Rsxwzg0plQ0w8dSyt,Leehom Wang,2F5W6Rsxwzg0plQ0w8dSyt,5lpy0FxmneKqFb4zeoiSHM,十八般武藝,2010-08-12,251146,4.185766666666667,50,False,https://open.spotify.com/track/0VGPId3riSeBV5FTRn850F,2025-11-20T07:03:00Z,False,Leehom Wang,"['mandopop', 'c-pop', 'taiwanese pop', 'chinese r&b', 'malay pop']",57,1192346,chinese,Chinese-script title,['Chinese-associated']
6aF2RVTPJSJCM1MpUjne5X,落葉歸根,Leehom Wang,2F5W6Rsxwzg0plQ0w8dSyt,Leehom Wang,2F5W6Rsxwzg0plQ0w8dSyt,1lxlQW182pklrfpD93faq1,改變自己,2007-07-01,315226,5.2537666666666665,51,False,https://open.spotify.com/track/6aF2RVTPJSJCM1MpUjne5X,2025-11-20T07:03:00Z,False,Leehom Wang,"['mandopop', 'c-pop', 'taiwanese pop', 'chinese r&b', 'malay pop']",57,1192346,chinese,Chinese-script title,['Chinese-associated']
68RtalgSqaCbeZN42QeMS0,花田錯,Leehom Wang,2F5W6Rsxwzg0plQ0w8dSyt,Leehom Wang,2F5W6Rsxwzg0plQ0w8dSyt,34D46J9tIGCqAj3FeiEA9O,蓋世英雄,2005-12-30,227960,3.7993333333333332,50,False,https://open.spotify.com/track/68RtalgSqaCbeZN42QeMS0,2025-11-20T07:03:00Z,False,Leehom Wang,"['mandopop', 'c-pop', 'taiwanese pop', 'chinese r&b', 'malay pop']",57,1192346,chinese,Chinese-script title,['Chinese-associated']
3agtg0x11wPvLIWkYR39nZ,Somewhere I Belong,Linkin Park,6XyY86QOPPrYVGvF9ch6wz,Linkin Park,6XyY86QOPPrYVGvF9ch6wz,4Gfnly5CzMJQqkUFfoHaP3,Meteora,2003-03-25,213933,3.56555,81,False,https://open.spotify.com/track/3agtg0x11wPvLIWkYR39nZ,2025-11-20T07:03:00Z,False,Linkin Park,"['nu metal', 'rap metal', 'rock', 'alternative metal']",89,34542635,latin,Latin-script title,['Western-associated']
57BrRMwf9LrcmuOsyGilwr,Crawling,Linkin Park,6XyY86QOPPrYVGvF9ch6wz,Linkin Park,6XyY86QOPPrYVGvF9ch6wz,6hPkbAV3ZXpGZBGUvL6jVM,Hybrid Theory (Bonus Edition),2000-10-24,208960,3.482666666666667,84,False,https://open.spotify.com/track/57BrRMwf9LrcmuOsyGilwr,2025-11-20T07:03:00Z,False,Linkin Park,"['nu metal', 'rap metal', 'rock', 'alternative metal']",89,34542635,latin,Latin-script title,['Western-associated']
4k1XsIKJv6fUKS73W82s4n,Susan說,David Tao,40tNK2YedBV2jRFAHxpifB,David Tao,40tNK2YedBV2jRFAHxpifB,1XnDRFsNxG12nZPRXNcPkU,太平盛世,2005-08-01,261826,4.363766666666667,49,False,https://open.spotify.com/track/4k1XsIKJv6fUKS73W82s4n,2025-11-20T07:03:00Z,False,David Tao,"['mandopop', 'chinese r&b', 'c-pop', 'taiwanese pop', 'malay pop']",60,1270568,mixed,Mixed-script title,['Chinese-associated']
4kaY4LbdbomICC25gYGGtn,IF YOU,BIGBANG,4Kxlr1PRlDKEB0ekOCyHgX,BIGBANG,4Kxlr1PRlDKEB0ekOCyHgX,2SPrl8C8pgSM5gXbAiyJHY,MADE,2016-12-13,264215,4.403583333333334,68,False,https://open.spotify.com/track/4kaY4LbdbomICC25gYGGtn,2025-11-20T07:03:00Z,False,BIGBANG,['k-pop'],71,6530949,latin,Latin-script title,['Korean-associated']
7BHSV0J9IWich0yeU2g3H0,討厭紅樓夢,David Tao,40tNK2YedBV2jRFAHxpifB,David Tao,40tNK2YedBV2jRFAHxpifB,3u5zGr9TFLRi2wXeHmNclY,黑色柳丁,2002-06-29,242373,4.03955,49,False,https://open.spotify.com/track/7BHSV0J9IWich0yeU2g3H0,2025-11-20T07:03:00Z,False,David Tao,"['mandopop', 'chinese r&b', 'c-pop', 'taiwanese pop', 'malay pop']",60,1270568,chinese,Chinese-script title,['Chinese-associated']
7CTitzr4eVIDCPUJi5Dr4B,普通朋友,David Tao,40tNK2YedBV2jRFAHxpifB,David Tao,40tNK2YedBV2jRFAHxpifB,1tOMQ0MGYaMF4F0YtyUKXN,I'm O.K.,1999-06-29,255133,4.2522166666666665,65,False,https://open.spotify.com/track/7CTitzr4eVIDCPUJi5Dr4B,2025-11-20T07:03:00Z,False,David Tao,"['mandopop', 'chinese r&b', 'c-pop', 'taiwanese pop', 'malay pop']",60,1270568,chinese,Chinese-script title,['Chinese-associated']
3gUSmSBeeYsSMWECJcQW8w,SOBER,BIGBANG,4Kxlr1PRlDKEB0ekOCyHgX,BIGBANG,4Kxlr1PRlDKEB0ekOCyHgX,2SPrl8C8pgSM5gXbAiyJHY,MADE,2016-12-13,237512,3.9585333333333335,69,False,https://open.spotify.com/track/3gUSmSBeeYsSMWECJcQW8w,2025-11-20T07:03:00Z,False,BIGBANG,['k-pop'],71,6530949,latin,Latin-script title,['Korean-associated']
1b2sSbfhS8AGE7lD70QkwX,許願池的希臘少女,JOLIN,1r9DuPTHiQ7hnRRZ99B8nL,JOLIN,1r9DuPTHiQ7hnRRZ99B8nL,1uvzQMQiA1HzViKVA3WEx2,野蠻遊戲,2005-04-25,190596,3.1766,37,False,https://open.spotify.com/track/1b2sSbfhS8AGE7lD70QkwX,2025-11-20T07:03:00Z,False,JOLIN,"['mandopop', 'c-pop', 'taiwanese pop', 'malay pop']",61,1229596,chinese,Chinese-script title,['Chinese-associated']
3KdQ7AqkkZbL6FBmhSCLKv,MAMA - Chinese Version,EXO-M,57n0GwAnyELOvq620O2tOJ,EXO-M,57n0GwAnyELOvq620O2tOJ,3zdFBtUjMgGylSy3ZTpNCv,Mama - The 1st Mini Album (Chinese Version),2012-06-28,270452,4.507533333333333,40,False,https://open.spotify.com/track/3KdQ7AqkkZbL6FBmhSCLKv,2025-11-20T07:03:00Z,False,EXO-M,"['c-pop', 'k-pop', 'malay pop']",29,920282,latin,Latin-script title,"['Chinese-associated', 'Korean-associated']"
0CzsbM86NImZe0MxtA8Jsb,无限大,Stefanie Sun,0SIXZXJCAhNU8sxK0qm7hn,Stefanie Sun,0SIXZXJCAhNU8sxK0qm7hn,3P400E8OP7u4dWMyCSosUn,克卜勒,2014-01-01,252080,4.201333333333333,34,False,https://open.spotify.com/track/0CzsbM86NImZe0MxtA8Jsb,2025-11-20T07:03:00Z,False,Stefanie Sun,"['mandopop', 'taiwanese pop', 'c-pop', 'malay pop', 'cantopop']",65,1345254,chinese,Chinese-script title,['Chinese-associated']
6G7EbwlVEXTvPs13pl7jze,原來,南征北戰,6wBRQKmHekRD1j5CK1df9A,南征北戰,6wBRQKmHekRD1j5CK1df9A,1ZW1Mm8VaJmXCXf9OuaEkf,南征北戰精選,2014-12-03,233221,3.887016666666667,0,False,https://open.spotify.com/track/6G7EbwlVEXTvPs13pl7jze,2025-11-20T07:03:00Z,False,南征北戰,"['mandopop', 'c-pop', 'chinese hip hop']",31,17101,chinese,Chinese-script title,['Chinese-associated']
4ElkRCZ1Ujgdunlt2a82rG,指紋（《軒轅劍》插曲）,胡歌,04T9gfyccsmxG79OSJp5r1,胡歌,04T9gfyccsmxG79OSJp5r1,7mdt5EvsYXYWZ42IPRDXAZ,《軒轅劍》影視原聲,2012-07-16,238001,3.966683333333333,9,False,https://open.spotify.com/track/4ElkRCZ1Ujgdunlt2a82rG,2025-11-20T07:03:00Z,False,胡歌,"['gufeng', 'c-pop', 'mandopop']",33,27693,chinese,Chinese-script title,['Chinese-associated']
3RQHAFkEHiFHQ7qmMpKRdv,Lost,Linkin Park,6XyY86QOPPrYVGvF9ch6wz,Linkin Park,6XyY86QOPPrYVGvF9ch6wz,3Q9wXhEAX7NYCPP0hxIuDz,Meteora 20th Anniversary Edition,2023-04-07,199342,3.3223666666666665,69,False,https://open.spotify.com/track/3RQHAFkEHiFHQ7qmMpKRdv,2025-11-20T07:03:00Z,False,Linkin Park,"['nu metal', 'rap metal', 'rock', 'alternative metal']",89,34542635,latin,Latin-script title,['Western-associated']
7M4eO9xXwmAnO0hq6XDles,"Baby, Don't Cry",EXO,3cjEqqelV9zb4BYE3qDQ4O,EXO,3cjEqqelV9zb4BYE3qDQ4O,4qduCvpyBL5hGYdBvCvcDA,The 1st Album 'XOXO' (Repackage),2013-08-05,233955,3.89925,59,False,https://open.spotify.com/track/7M4eO9xXwmAnO0hq6XDles,2025-11-20T07:03:00Z,False,EXO,['k-pop'],70,10424749,latin,Latin-script title,['Korean-associated']
5fcCz4Q5RkYCouWPuAk51H,Decoy World - VIP,"INTERCOM, Park Avenue","6cHi0QWaBxWN71YpvTR4Jr, 2InIVjILfVHmvET4a35JaF",INTERCOM,6cHi0QWaBxWN71YpvTR4Jr,0Oqn0avSunYbeMm7aQdCNW,Decoy World (VIP),2017-12-29,270359,4.505983333333333,39,False,https://open.spotify.com/track/5fcCz4Q5RkYCouWPuAk51H,2025-11-20T07:03:00Z,False,INTERCOM,[],25,10149,latin,Latin-script title,['Western/Latin-title-associated']
7I2ttcWnOhFSRD1cR0iauZ,Drama,"HANNIE, Hicari, Isaiah Dreads","7vp58vF08Hg9TbDrYH2nAh, 3wXPvSfm3PbdyxLTCGIm7N, 3UZMgpkKd6JUdvxQa0M0PK",HANNIE,7vp58vF08Hg9TbDrYH2nAh,6Tk6IxkwGUMxrdaxUhNXys,Karma's Calling,2020-05-01,205384,3.4230666666666667,2,False,https://open.spotify.com/track/7I2ttcWnOhFSRD1cR0iauZ,2025-11-20T07:03:00Z,False,HANNIE,[],19,9048,latin,Latin-script title,['Western/Latin-title-associated']
7bf8y8qeYNg1bWgMAEEA7l,Love Love Love,JOLIN,1r9DuPTHiQ7hnRRZ99B8nL,JOLIN,1r9DuPTHiQ7hnRRZ99B8nL,6OeSMtENnJV8FpGb1eZheV,城堡,2004-02-27,228710,3.8118333333333334,38,False,https://open.spotify.com/track/7bf8y8qeYNg1bWgMAEEA7l,2025-11-20T07:03:00Z,False,JOLIN,"['mandopop', 'c-pop', 'taiwanese pop', 'malay pop']",61,1229596,latin,Latin-script title,['Chinese-associated']
3Y3sRsEQjX4kN37FadRgjA,君のすべてに,"Spontania, JUJU","3B1Bb9rGqk3iAcn0G6V21S, 5VLVogbPeBgFHXQPZQzBej",Spontania,3B1Bb9rGqk3iAcn0G6V21S,7nxeZ4941NtrXbe1eKbvaZ,コラボレーションズ BEST,2009-01-01,264653,4.4108833333333335,21,False,https://open.spotify.com/track/3Y3sRsEQjX4kN37FadRgjA,2025-11-20T07:03:00Z,False,Spontania,"['j-r&b', 'j-pop']",37,16673,mixed,Mixed-script title,['Japanese-associated']
4kD6ouOl6cKXBj6wh1mo82,History - Chinese Version,EXO-M,57n0GwAnyELOvq620O2tOJ,EXO-M,57n0GwAnyELOvq620O2tOJ,3zdFBtUjMgGylSy3ZTpNCv,Mama - The 1st Mini Album (Chinese Version),2012-06-28,209801,3.4966833333333334,39,False,https://open.spotify.com/track/4kD6ouOl6cKXBj6wh1mo82,2025-11-20T07:03:00Z,False,EXO-M,"['c-pop', 'k-pop', 'malay pop']",29,920282,latin,Latin-script title,"['Chinese-associated', 'Korean-associated']"
24Gy6lVtCd8nOL2vzZiFyV,Into the New World,Girls' Generation,0Sadg1vgvaPqGTOjxu0N6c,Girls' Generation,0Sadg1vgvaPqGTOjxu0N6c,6EmLwnyjJRVgNOmOUpVhzz,Into the New World,2007-08-02,267320,4.455333333333333,50,False,https://open.spotify.com/track/24Gy6lVtCd8nOL2vzZiFyV,2025-11-20T07:03:00Z,False,Girls' Generation,['k-pop'],64,2981092,latin,Latin-script title,['Korean-associated']
5wZeptRulCzvWLrh8fO5QU,放低過去,鍾欣潼,7ICw984KHxGz5WtEzfjxG3,鍾欣潼,7ICw984KHxGz5WtEzfjxG3,3WReo9JhF0CB3mGw1rpbvr,Move On,2010-11-18,193613,3.2268833333333333,12,False,https://open.spotify.com/track/5wZeptRulCzvWLrh8fO5QU,2025-11-20T07:03:00Z,False,鍾欣潼,"['cantopop', 'taiwanese pop', 'mandopop', 'c-pop']",25,9275,chinese,Chinese-script title,['Chinese-associated']
1iEqBDmYWiuQW41AUmjRa2,紅塵客棧,Jay Chou,2elBjNSdBE2Y3f0j1mjrql,Jay Chou,2elBjNSdBE2Y3f0j1mjrql,6n2mXP41BEn7b3FXX3Hcc9,十二新作,2012-12-28,274066,4.5677666666666665,57,False,https://open.spotify.com/track/1iEqBDmYWiuQW41AUmjRa2,2025-11-20T07:03:00Z,False,Jay Chou,"['mandopop', 'c-pop', 'taiwanese pop', 'gufeng', 'malay pop', 'cantopop', 'chinese r&b']",74,8429851,chinese,Chinese-script title,['Chinese-associated']
5gHv3NQzbMlPT5wlk2AM8m,愛你等於愛自己,Leehom Wang,2F5W6Rsxwzg0plQ0w8dSyt,Leehom Wang,2F5W6Rsxwzg0plQ0w8dSyt,45dD85u3JFObaZxPpZ36wr,公轉.自轉,1998-08-13,233922,3.8987,39,False,https://open.spotify.com/track/5gHv3NQzbMlPT5wlk2AM8m,2025-11-20T07:03:00Z,False,Leehom Wang,"['mandopop', 'c-pop', 'taiwanese pop', 'chinese r&b', 'malay pop']",57,1192346,chinese,Chinese-script title,['Chinese-associated']
4vdX5mQE0oXkflFqsqQkUP,愛錯,Leehom Wang,2F5W6Rsxwzg0plQ0w8dSyt,Leehom Wang,2F5W6Rsxwzg0plQ0w8dSyt,3OSXrxKQIaMxLGMjo1arFw,心中的日月,2004-12-01,238826,3.9804333333333335,65,False,https://open.spotify.com/track/4vdX5mQE0oXkflFqsqQkUP,2025-11-20T07:03:00Z,False,Leehom Wang,"['mandopop', 'c-pop', 'taiwanese pop', 'chinese r&b', 'malay pop']",57,1192346,chinese,Chinese-script title,['Chinese-associated']
740KtWw1r4f5Gd6UXzhYNp,心跳,Leehom Wang,2F5W6Rsxwzg0plQ0w8dSyt,Leehom Wang,2F5W6Rsxwzg0plQ0w8dSyt,4q3Dp4JkTVThfMe2OiZfUx,心跳,2008-12-01,263400,4.39,58,False,https://open.spotify.com/track/740KtWw1r4f5Gd6UXzhYNp,2025-11-20T07:03:00Z,False,Leehom Wang,"['mandopop', 'c-pop', 'taiwanese pop', 'chinese r&b', 'malay pop']",57,1192346,chinese,Chinese-script title,['Chinese-associated']
0ErDgR8qghjeSCL5dqTjR1,LoveU2,William Chan,0lTHF5hgNUeMetVJEBWwvx,William Chan,0lTHF5hgNUeMetVJEBWwvx,6H0sGSodG5tSFuGJzzDuY7,最愛的大師兄 - 陳偉霆,2014-09-02,220586,3.676433333333333,37,False,https://open.spotify.com/track/0ErDgR8qghjeSCL5dqTjR1,2025-11-20T07:03:00Z,False,William Chan,"['cantopop', 'gufeng', 'c-pop', 'mandopop']",26,12286,latin,Latin-script title,['Chinese-associated']
2tspuoaZaBcFrv86ZkTMii,The One,Matt Cab,5QdG7ZI7k64K5DLjOJgK31,Matt Cab,5QdG7ZI7k64K5DLjOJgK31,2C2Is1iqUBUHNpkdnpHwKv,The One,2010-09-01,239520,3.992,12,False,https://open.spotify.com/track/2tspuoaZaBcFrv86ZkTMii,2025-11-20T07:03:00Z,False,Matt Cab,"['j-rap', 'j-r&b']",34,18849,latin,Latin-script title,['Western-associated']
54SpjxPioot7g7hVfbrXHh,Lies,BIGBANG,4Kxlr1PRlDKEB0ekOCyHgX,BIGBANG,4Kxlr1PRlDKEB0ekOCyHgX,4T1fv3gIYifquPf9dRhJei,Always,2007-08-16,229120,3.8186666666666667,66,False,https://open.spotify.com/track/54SpjxPioot7g7hVfbrXHh,2025-11-20T07:03:00Z,False,BIGBANG,['k-pop'],71,6530949,latin,Latin-script title,['Korean-associated']
7FXxI7DL2BDc2VgE9gRoUA,Top Of The World,BIGBANG,4Kxlr1PRlDKEB0ekOCyHgX,BIGBANG,4Kxlr1PRlDKEB0ekOCyHgX,17XvKgRVajvlWWcf455jAh,ガラガラ GO！！,2009-07-15,180573,3.00955,54,False,https://open.spotify.com/track/7FXxI7DL2BDc2VgE9gRoUA,2025-11-20T07:03:00Z,False,BIGBANG,['k-pop'],71,6530949,latin,Latin-script title,['Korean-associated']
0okc6QhoCUY2pFTDnMOfdD,就是我,JJ Lin,7Dx7RhX0mFuXhCOUgB01uM,JJ Lin,7Dx7RhX0mFuXhCOUgB01uM,0MK41zbMjQXXLqgukSGZwz,樂行者,2003-04-01,194280,3.238,35,False,https://open.spotify.com/track/0okc6QhoCUY2pFTDnMOfdD,2025-11-20T07:03:00Z,False,JJ Lin,"['mandopop', 'c-pop', 'taiwanese pop', 'malay pop']",67,4257974,chinese,Chinese-script title,['Chinese-associated']
1L4d2lafz1odpIMe8va21X,Haru Haru,BIGBANG,4Kxlr1PRlDKEB0ekOCyHgX,BIGBANG,4Kxlr1PRlDKEB0ekOCyHgX,0NB6IIwQeRDzNFCU22LQto,Stand Up,2008-08-08,256359,4.27265,71,False,https://open.spotify.com/track/1L4d2lafz1odpIMe8va21X,2025-11-20T07:03:00Z,False,BIGBANG,['k-pop'],71,6530949,latin,Latin-script title,['Korean-associated']
1u0l8zWpQeMYStFkc2mLD7,Everywhere,Michelle Branch,5rScKX1Sh1U67meeUyTGwk,Michelle Branch,5rScKX1Sh1U67meeUyTGwk,1agL7TUoZXr0Xd4Irievqi,The Spirit Room,2001-07-31,214826,3.580433333333333,72,False,https://open.spotify.com/track/1u0l8zWpQeMYStFkc2mLD7,2025-11-20T07:03:00Z,False,Michelle Branch,[],60,716172,latin,Latin-script title,['Western/Latin-title-associated']
5oQNTH2WkhdsCEETc5XriH,CASTLE OF GLASS,Linkin Park,6XyY86QOPPrYVGvF9ch6wz,Linkin Park,6XyY86QOPPrYVGvF9ch6wz,1X472EvsSqH09RyrqbtyXU,Papercuts,2024-04-12,205394,3.423233333333333,45,False,https://open.spotify.com/track/5oQNTH2WkhdsCEETc5XriH,2025-11-20T07:03:00Z,False,Linkin Park,"['nu metal', 'rap metal', 'rock', 'alternative metal']",89,34542635,latin,Latin-script title,['Western-associated']
72gu48U1b52VdIcoUpzXCg,天涯,金志文,1p8mNyT18G4coJooY8NTGN,金志文,1p8mNyT18G4coJooY8NTGN,2orW2C6Rrc1gpe9J6K72yM,天涯,2022-08-20,210000,3.5,5,False,https://open.spotify.com/track/72gu48U1b52VdIcoUpzXCg,2025-11-20T07:03:00Z,False,金志文,"['gufeng', 'mandopop', 'c-pop']",37,38600,chinese,Chinese-script title,['Chinese-associated']
44H55yYaY8HHnXYWWgI0da,Firefly,A*Teens,5zMgvYBz4AW0gFyPtg7fR9,A*Teens,5zMgvYBz4AW0gFyPtg7fR9,4Puwtzbl10V90RTsk8XzWF,Teen Spirit,2001-02-26,187253,3.1208833333333335,36,False,https://open.spotify.com/track/44H55yYaY8HHnXYWWgI0da,2025-11-20T07:03:00Z,False,A*Teens,[],50,223986,latin,Latin-script title,['Western/Latin-title-associated']
6UBloz8REbYrVqAPUQv1kS,Lost in Paradise,Joanna Wang,1km0aro5NJuoX5dE0Mub5C,Joanna Wang,1km0aro5NJuoX5dE0Mub5C,4Aq7SmLKoBJhYJHTK62jHA,Start From Here,2009-04-09,195573,3.25955,5,False,https://open.spotify.com/track/6UBloz8REbYrVqAPUQv1kS,2025-11-20T07:03:00Z,False,Joanna Wang,"['mandopop', 'chinese indie', 'taiwanese pop']",45,204273,latin,Latin-script title,['Chinese-associated']
0bkWpZxiqcKu9xjXqHlEe5,Cry For Me,"Michita, Ami","4KM9ltJ73oTZGfZ5wSHRSl, 1KMna4UWhy0BaqQJxV3q7K",Michita,4KM9ltJ73oTZGfZ5wSHRSl,2vD90zYmbItVv0V6RAn3hj,Cry For Me,2013-07-24,302866,5.047766666666667,49,False,https://open.spotify.com/track/0bkWpZxiqcKu9xjXqHlEe5,2025-11-20T07:03:00Z,False,Michita,"['j-rap', 'jazz rap']",40,25577,latin,Latin-script title,['Western-associated']
3ZxKUt8nudvrJbUvX0haHJ,雨櫻花,F.I.R.,5oqLnVZzJJXE3YnzzZfRKu,F.I.R.,5oqLnVZzJJXE3YnzzZfRKu,4QUDMVhCj9fDvJSyiXzZNy,飛行部落,2006-07-28,271640,4.527333333333333,40,False,https://open.spotify.com/track/3ZxKUt8nudvrJbUvX0haHJ,2025-11-20T07:03:00Z,False,F.I.R.,"['mandopop', 'taiwanese pop', 'c-pop', 'malay pop']",56,264978,chinese,Chinese-script title,['Chinese-associated']
7I2ldg1QTDKeuZrqhy8GP4,Legendary,Faydee,5v7efr4mqt3RQxkT0Mmh5g,Faydee,5v7efr4mqt3RQxkT0Mmh5g,5jWvsGTueMzKJ9ETipm8jI,Legendary,2016-03-28,221311,3.6885166666666667,31,False,https://open.spotify.com/track/7I2ldg1QTDKeuZrqhy8GP4,2025-11-20T07:03:00Z,False,Faydee,[],52,175549,latin,Latin-script title,['Western/Latin-title-associated']
7E4Acez5YIBT2FmbcqLIlM,第十行星,F.I.R.,5oqLnVZzJJXE3YnzzZfRKu,F.I.R.,5oqLnVZzJJXE3YnzzZfRKu,3jFtKa1iT9rD5Xb40mHgQ1,愛‧歌姬,2007-09-28,200280,3.338,24,False,https://open.spotify.com/track/7E4Acez5YIBT2FmbcqLIlM,2025-11-20T07:03:00Z,False,F.I.R.,"['mandopop', 'taiwanese pop', 'c-pop', 'malay pop']",56,264978,chinese,Chinese-script title,['Chinese-associated']
1n8rU6fMDfmw0ZvEpi7KMF,如果我們不曾相遇,Mayday,16s0YTFcyjP4kgFwt7ktrY,Mayday,16s0YTFcyjP4kgFwt7ktrY,4hg4cR8QMbE0xuvoxoA6DX,自傳,2016-07-21,202388,3.3731333333333335,52,False,https://open.spotify.com/track/1n8rU6fMDfmw0ZvEpi7KMF,2025-11-20T07:03:00Z,False,Mayday,"['mandopop', 'taiwanese pop', 'c-pop', 'chinese rock', 'malay pop']",61,2400672,chinese,Chinese-script title,['Chinese-associated']
18p5CpW4GS3TbYZ63EVNO1,If You Could See Me Now,The Script,3AQRLZ9PuTAozP28Skbq8V,The Script,3AQRLZ9PuTAozP28Skbq8V,0s2VS0DbBQ05m4kEP8fwns,Tales from The Script: Greatest Hits,2021-10-01,218706,3.6451,23,True,https://open.spotify.com/track/18p5CpW4GS3TbYZ63EVNO1,2025-11-20T07:03:00Z,False,The Script,[],76,9098541,latin,Latin-script title,['Western/Latin-title-associated']
7sNcVeU6TqBAFcQL3N484V,Everybody Knows I Love You - Live at the Plaza,Lovebugs,6piYZXXQCn1uniYcHcwS89,Lovebugs,6piYZXXQCn1uniYcHcwS89,2OYfPDhOQxX25azOgmP2hf,At the Plaza (Live),2018-05-25,239120,3.985333333333333,1,False,https://open.spotify.com/track/7sNcVeU6TqBAFcQL3N484V,2025-11-20T07:03:00Z,False,Lovebugs,[],25,6523,latin,Latin-script title,['Western/Latin-title-associated']
734t1GgKDg0Nc19tqxlJ0s,Patience,Take That,1XgFuvRd7r5g0h844A5ZUQ,Take That,1XgFuvRd7r5g0h844A5ZUQ,5IONRqR3N860eZlEwfp7dC,Patience,2006-01-01,200880,3.348,39,False,https://open.spotify.com/track/734t1GgKDg0Nc19tqxlJ0s,2025-11-20T07:03:00Z,False,Take That,[],64,1496242,latin,Latin-script title,['Western/Latin-title-associated']
0kr6d8wHDQPlzuET33NVn6,All You Wanted,Michelle Branch,5rScKX1Sh1U67meeUyTGwk,Michelle Branch,5rScKX1Sh1U67meeUyTGwk,1agL7TUoZXr0Xd4Irievqi,The Spirit Room,2001-07-31,217680,3.628,67,False,https://open.spotify.com/track/0kr6d8wHDQPlzuET33NVn6,2025-11-20T07:03:00Z,False,Michelle Branch,[],60,716172,latin,Latin-script title,['Western/Latin-title-associated']
5hsnjHTK4f3DlVHWOUHYC2,VHS,Thomas Rhett,6x2LnllRG5uGarZMsD4iO8,Thomas Rhett,6x2LnllRG5uGarZMsD4iO8,5gnWhEFNbtCn0RLG2cp90g,Center Point Road,2019-05-31,196293,3.27155,37,False,https://open.spotify.com/track/5hsnjHTK4f3DlVHWOUHYC2,2025-11-20T07:03:00Z,False,Thomas Rhett,"['country', 'acoustic country', 'pop country']",74,5130968,latin,Latin-script title,['Western-associated']
4Ov0omlJHbahJ0cs16qfN5,Perfect Lie,JS,1TOyuUHtQJLEmkDQTJL42I,JS,1TOyuUHtQJLEmkDQTJL42I,2WDRt81cWsWofU4kaMXXhW,Future,2004-08-18,218800,3.6466666666666665,3,False,https://open.spotify.com/track/4Ov0omlJHbahJ0cs16qfN5,2025-11-20T07:03:00Z,False,JS,"['gufeng', 'taiwanese pop', 'mandopop', 'c-pop']",28,10134,latin,Latin-script title,['Chinese-associated']
3dPtXHP0oXQ4HCWHsOA9js,夜に駆ける,YOASOBI,64tJ2EAv1R6UaZqc4iOCyj,YOASOBI,64tJ2EAv1R6UaZqc4iOCyj,3GzwPyPZCyrqUTaurTaS23,夜に駆ける,2019-12-15,261013,4.350216666666666,71,False,https://open.spotify.com/track/3dPtXHP0oXQ4HCWHsOA9js,2025-11-20T07:03:00Z,False,YOASOBI,"['j-pop', 'anime']",72,10017796,mixed,Mixed-script title,['Japanese-associated']
14KvJA20aveceuN5UcMzux,愛一點 (feat. 章子怡),"Leehom Wang, 章子怡","2F5W6Rsxwzg0plQ0w8dSyt, 3xr93aQhc2tZG25gbqzJ1P",Leehom Wang,2F5W6Rsxwzg0plQ0w8dSyt,65V5pwpP4cQjiapCGDZtzm,你的愛,2015-01-23,306826,5.113766666666667,44,False,https://open.spotify.com/track/14KvJA20aveceuN5UcMzux,2025-11-20T07:03:00Z,False,Leehom Wang,"['mandopop', 'c-pop', 'taiwanese pop', 'chinese r&b', 'malay pop']",57,1192346,mixed,Mixed-script title,['Chinese-associated']
7xEWfEPzj2WWX0C9MhH0DD,Trouble - Mike Williams Remix,"R3HAB, VÉRITÉ, Mike Williams","6cEuCEZu7PAE9ZSzLLc2oQ, 1Fr6agZ6iSM5Ynn2k4C8sc, 3IpvVrP3VLhruTmnququq7",R3HAB,6cEuCEZu7PAE9ZSzLLc2oQ,1nhYFLdbpA8Olwpa24nn5w,Trouble (Mike Williams Remix),2017-06-29,216187,3.6031166666666667,0,True,https://open.spotify.com/track/7xEWfEPzj2WWX0C9MhH0DD,2025-11-20T07:03:00Z,False,R3HAB,"['slap house', 'edm']",70,2660479,latin,Latin-script title,['Western-associated']
26so7ajU82ioMhfYQTuIhR,我們的歌,Leehom Wang,2F5W6Rsxwzg0plQ0w8dSyt,Leehom Wang,2F5W6Rsxwzg0plQ0w8dSyt,1lxlQW182pklrfpD93faq1,改變自己,2007-07-01,246320,4.105333333333333,56,False,https://open.spotify.com/track/26so7ajU82ioMhfYQTuIhR,2025-11-20T07:03:00Z,False,Leehom Wang,"['mandopop', 'c-pop', 'taiwanese pop', 'chinese r&b', 'malay pop']",57,1192346,chinese,Chinese-script title,['Chinese-associated']
0pzyN7Uy0bmDSsTs0iHuSC,大城小愛,Leehom Wang,2F5W6Rsxwzg0plQ0w8dSyt,Leehom Wang,2F5W6Rsxwzg0plQ0w8dSyt,34D46J9tIGCqAj3FeiEA9O,蓋世英雄,2005-12-30,224960,3.7493333333333334,55,False,https://open.spotify.com/track/0pzyN7Uy0bmDSsTs0iHuSC,2025-11-20T07:03:00Z,False,Leehom Wang,"['mandopop', 'c-pop', 'taiwanese pop', 'chinese r&b', 'malay pop']",57,1192346,chinese,Chinese-script title,['Chinese-associated']
6xaN14ErFrBMyF0iHynrxj,Take Me Away - Live Acoustic Version,Avril Lavigne,0p4nmQO2msCgU4IF37Wi3j,Avril Lavigne,0p4nmQO2msCgU4IF37Wi3j,2jJ6cDLNPwLyVNC1qqVwOT,"12"" Masters - The Essential Mixes",2010-09-17,171853,2.8642166666666666,26,False,https://open.spotify.com/track/6xaN14ErFrBMyF0iHynrxj,2025-11-20T07:03:00Z,False,Avril Lavigne,[],77,12579741,latin,Latin-script title,['Western/Latin-title-associated']
20UG5v2GbBXvGIsca9IqR4,茉莉雨,JJ Lin,7Dx7RhX0mFuXhCOUgB01uM,JJ Lin,7Dx7RhX0mFuXhCOUgB01uM,4ej0iaGUNXJOUCudwbESIQ,新地球,2014-12-27,256545,4.27575,42,False,https://open.spotify.com/track/20UG5v2GbBXvGIsca9IqR4,2025-11-20T07:03:00Z,False,JJ Lin,"['mandopop', 'c-pop', 'taiwanese pop', 'malay pop']",67,4257974,chinese,Chinese-script title,['Chinese-associated']
3Sj7GD2lbhVtikkKLz0DkB,i BELIEVE～星に願いを,So'Fly,1wX1LyxFQtnvmjWv4PyRu7,So'Fly,1wX1LyxFQtnvmjWv4PyRu7,0MRQoAPUqM4CbAvK2NOyLV,ⅰ BELIEVE ～星に願いを,2011-01-01,321653,5.360883333333334,34,False,https://open.spotify.com/track/3Sj7GD2lbhVtikkKLz0DkB,2025-11-20T07:03:00Z,False,So'Fly,"['j-r&b', 'j-pop']",21,3208,mixed,Mixed-script title,['Japanese-associated']
6k4xd963iPaquBsEaUlIMj,MY ALL,Ayumi Hamasaki,3Mvc8kRgr8LRYYgvFmlZqn,Ayumi Hamasaki,3Mvc8kRgr8LRYYgvFmlZqn,6wM9bU5voHeKbmYI7iXN0w,GUILTY,2008-01-01,321635,5.3605833333333335,50,False,https://open.spotify.com/track/6k4xd963iPaquBsEaUlIMj,2025-11-20T07:03:00Z,False,Ayumi Hamasaki,['j-pop'],61,1152001,latin,Latin-script title,['Japanese-associated']
5z8qQvLYEehH19vNOoFAPb,Love You Like the Movies,Anthem Lights,7kwEvDE8e7EBGKh5bLczqQ,Anthem Lights,7kwEvDE8e7EBGKh5bLczqQ,6U7tyrCMf7SNmGzMXEWMM6,Escape,2014-10-14,228158,3.8026333333333335,48,False,https://open.spotify.com/track/5z8qQvLYEehH19vNOoFAPb,2025-11-20T07:03:00Z,False,Anthem Lights,['hymns'],49,436633,latin,Latin-script title,['Western/Latin-title-associated']
0cZDC7uxNK8lqQ3GgyvCnD,Nobody's Home,Avril Lavigne,0p4nmQO2msCgU4IF37Wi3j,Avril Lavigne,0p4nmQO2msCgU4IF37Wi3j,7851Vsjv3apS52sXUik6iF,Under My Skin,2004,212413,3.540216666666667,70,False,https://open.spotify.com/track/0cZDC7uxNK8lqQ3GgyvCnD,2025-11-20T07:03:00Z,False,Avril Lavigne,[],77,12579741,latin,Latin-script title,['Western/Latin-title-associated']
4LTXZQl5kD9e8M5676Y5Sc,像我的我,蔡宥綺,3amI3QiD9bc7mWGCzXcOvv,蔡宥綺,3amI3QiD9bc7mWGCzXcOvv,1ZViQ0UeFhXZcDbu62FmXT,像我的我,2024-02-29,165031,2.7505166666666665,23,False,https://open.spotify.com/track/4LTXZQl5kD9e8M5676Y5Sc,2025-11-20T07:03:00Z,False,蔡宥綺,"['mandopop', 'c-pop']",16,3511,chinese,Chinese-script title,['Chinese-associated']
69pyHCoBn4Ki0BzDJ2xPGI,稻香,Jay Chou,2elBjNSdBE2Y3f0j1mjrql,Jay Chou,2elBjNSdBE2Y3f0j1mjrql,5akBJuVQvCggD0hCzjfeR3,魔杰座,2008-10-15,223453,3.7242166666666665,62,False,https://open.spotify.com/track/69pyHCoBn4Ki0BzDJ2xPGI,2025-11-20T07:03:00Z,False,Jay Chou,"['mandopop', 'c-pop', 'taiwanese pop', 'gufeng', 'malay pop', 'cantopop', 'chinese r&b']",74,8429851,chinese,Chinese-script title,['Chinese-associated']
3HH9pAwNfQVXYVUbmHxWwn,你不知道的事,Leehom Wang,2F5W6Rsxwzg0plQ0w8dSyt,Leehom Wang,2F5W6Rsxwzg0plQ0w8dSyt,5lpy0FxmneKqFb4zeoiSHM,十八般武藝,2010-08-12,278986,4.649766666666666,63,False,https://open.spotify.com/track/3HH9pAwNfQVXYVUbmHxWwn,2025-11-20T07:03:00Z,False,Leehom Wang,"['mandopop', 'c-pop', 'taiwanese pop', 'chinese r&b', 'malay pop']",57,1192346,chinese,Chinese-script title,['Chinese-associated']
46ALtWhiHtNpJVrr3pfcut,縱橫四海,Ronghao Li,0rTP0x4vRFSDbhtqcCqc8K,Ronghao Li,0rTP0x4vRFSDbhtqcCqc8K,3J7Fpv3maowZeSOcX3ZLju,縱橫四海,2021-07-11,241693,4.028216666666666,25,False,https://open.spotify.com/track/46ALtWhiHtNpJVrr3pfcut,2025-11-20T07:03:00Z,False,Ronghao Li,"['mandopop', 'c-pop', 'taiwanese pop', 'malay pop']",59,1215241,chinese,Chinese-script title,['Chinese-associated']
6A3gHbGIWZp2AScLbDuxJI,Wait for You,"Mikkel Storleer Eriksen, Tor Erik Hermansen, Elliott Yamin, Taj Jackson","59mvY7ziUSNoyIGgErHemV, 7BwWmXxaUFHTL8f8IeszOZ, 4am1I89OWXUzFh4ctRLkdd, 3NYns27gQOaOTzKfxNQaIM",Mikkel Storleer Eriksen,59mvY7ziUSNoyIGgErHemV,2eN15gJhV0knaQX34bMITU,Elliott Yamin,2007-03-20,261320,4.355333333333333,39,False,https://open.spotify.com/track/6A3gHbGIWZp2AScLbDuxJI,2025-11-20T07:03:00Z,False,Mikkel Storleer Eriksen,[],21,519,latin,Latin-script title,['Western/Latin-title-associated']
2Qhxww2DKuv7gfvZkkR0wa,湊熱鬧,BY2,3DOs7Bsr9x4eJHqv6ViPvR,BY2,3DOs7Bsr9x4eJHqv6ViPvR,17AH5ks0kr0R9kPyvDuVAn,成人禮,2010-04-09,239986,3.9997666666666665,43,False,https://open.spotify.com/track/2Qhxww2DKuv7gfvZkkR0wa,2025-11-20T07:03:00Z,False,BY2,"['mandopop', 'c-pop', 'taiwanese pop']",54,209003,chinese,Chinese-script title,['Chinese-associated']
11XZGRB7GtTTI1Qm23VqgE,I Need You,Amber Kuo,4x5ldH1RO3ezKX4ZVd3CUo,Amber Kuo,4x5ldH1RO3ezKX4ZVd3CUo,5Li0ANcP1R844aVxqSUkgb,隱形超人,2007-12-31,255826,4.263766666666666,45,False,https://open.spotify.com/track/11XZGRB7GtTTI1Qm23VqgE,2025-11-20T07:03:00Z,False,Amber Kuo,"['taiwanese pop', 'mandopop', 'c-pop', 'chinese hip hop']",44,78652,latin,Latin-script title,['Chinese-associated']
5XmcuJw7FAqJGXPmb7yz8Q,Bite Me,Avril Lavigne,0p4nmQO2msCgU4IF37Wi3j,Avril Lavigne,0p4nmQO2msCgU4IF37Wi3j,65HfGumTbHNFANxNu07PlC,Bite Me (Acoustic),2021-12-17,159746,2.6624333333333334,30,True,https://open.spotify.com/track/5XmcuJw7FAqJGXPmb7yz8Q,2025-11-20T07:03:00Z,False,Avril Lavigne,[],77,12579741,latin,Latin-script title,['Western/Latin-title-associated']
7gBv53Jn1RMJpHC5QinSaW,Me and You,Lucky Twice,3pthbcw421plaJoQeGMrjr,Lucky Twice,3pthbcw421plaJoQeGMrjr,4ZdX0PEs84EXkLKTCJI6ro,Young & Clever,2007-02-20,214360,3.5726666666666667,22,False,https://open.spotify.com/track/7gBv53Jn1RMJpHC5QinSaW,2025-11-20T07:03:00Z,False,Lucky Twice,"['nightcore', 'europop']",52,38208,latin,Latin-script title,['Western-associated']
6N6jXxbXdj2wMIVmjCYRMW,Bend,Ria Mae,3QvuHlyW42Ei3AyGOO4AMT,Ria Mae,3QvuHlyW42Ei3AyGOO4AMT,2buxsXVmW6f0zNyQqLcRto,Bend,2017-06-16,210888,3.5148,37,False,https://open.spotify.com/track/6N6jXxbXdj2wMIVmjCYRMW,2025-11-20T07:03:00Z,False,Ria Mae,[],34,32140,latin,Latin-script title,['Western/Latin-title-associated']
583dMdiUquLMenarTp7PQm,Last Night,Morgan Wallen,4oUHIQIBe0LHzYfvXNW4QM,Morgan Wallen,4oUHIQIBe0LHzYfvXNW4QM,0rnd3h2dc82L4gTjW6Vfoq,One Thing At A Time,2023-03-03,163854,2.7309,86,True,https://open.spotify.com/track/583dMdiUquLMenarTp7PQm,2025-11-20T07:03:00Z,False,Morgan Wallen,['country'],89,15511315,latin,Latin-script title,['Western-associated']
05IoIEuVNwtubaNjhd33yU,寓言,Angela Chang,4txug0T3vYc9p20tuhfCUa,Angela Chang,4txug0T3vYc9p20tuhfCUa,5pIMneTJoyhQMS9nVPsmcT,Over The Rainbow,2004-04-01,246800,4.113333333333333,45,False,https://open.spotify.com/track/05IoIEuVNwtubaNjhd33yU,2025-11-20T07:03:00Z,False,Angela Chang,"['mandopop', 'taiwanese pop', 'c-pop', 'malay pop']",52,653420,chinese,Chinese-script title,['Chinese-associated']
0DuC8IZz1pF9lGtKo5EZ9b,口袋的天空,Angela Chang,4txug0T3vYc9p20tuhfCUa,Angela Chang,4txug0T3vYc9p20tuhfCUa,5O07WcsezsPhSKWFxvEfgS,潘朵拉,2006-01-05,261773,4.3628833333333334,41,False,https://open.spotify.com/track/0DuC8IZz1pF9lGtKo5EZ9b,2025-11-20T07:03:00Z,False,Angela Chang,"['mandopop', 'taiwanese pop', 'c-pop', 'malay pop']",52,653420,chinese,Chinese-script title,['Chinese-associated']
4llK75pXNWZz6KAho2Gp16,She Will Be Loved - Radio Mix,Maroon 5,04gDigrS5kc9YWfZHwBETP,Maroon 5,04gDigrS5kc9YWfZHwBETP,5zClcGCSWj926AMjvBNSLc,Songs About Jane: 10th Anniversary Edition,2002,259453,4.324216666666667,86,False,https://open.spotify.com/track/4llK75pXNWZz6KAho2Gp16,2025-11-20T07:03:00Z,False,Maroon 5,['pop'],86,47831351,latin,Latin-script title,['Western-associated']
2rDwdvBma1O1eLzo29p2cr,Whataya Want from Me,Adam Lambert,6prmLEyn4LfHlD9NnXWlf7,Adam Lambert,6prmLEyn4LfHlD9NnXWlf7,0cUNjl7p6LYZJkKXJWzqP0,For Your Entertainment,2009-11-23,227320,3.788666666666667,63,False,https://open.spotify.com/track/2rDwdvBma1O1eLzo29p2cr,2025-11-20T07:03:00Z,False,Adam Lambert,[],59,1661549,latin,Latin-script title,['Western/Latin-title-associated']
2kKMLPJaW80AgeJrs2eAZw,Don't Be Afraid,Elliott Yamin,4am1I89OWXUzFh4ctRLkdd,Elliott Yamin,4am1I89OWXUzFh4ctRLkdd,5jjrd3mUF01Da1FITGf8fY,Fight for Love,2009-05-05,243493,4.058216666666667,29,False,https://open.spotify.com/track/2kKMLPJaW80AgeJrs2eAZw,2025-11-20T07:03:00Z,False,Elliott Yamin,[],44,155039,latin,Latin-script title,['Western/Latin-title-associated']
6gJkrYx9i8dZ5mJb2vbAnT,Fool For You,Kastra,6sQYSV8XvcA9CQZb6OBHHC,Kastra,6sQYSV8XvcA9CQZb6OBHHC,6e4jpgLprGWzYQ6tMXn4Yd,Fool For You,2021-03-05,207272,3.4545333333333335,54,False,https://open.spotify.com/track/6gJkrYx9i8dZ5mJb2vbAnT,2025-11-20T07:03:00Z,False,Kastra,['melbourne bounce'],46,22090,latin,Latin-script title,['Western/Latin-title-associated']
7iOA2YVu4WQHvedbXUQwWh,不眠之夜,"Jason Zhang, HOYO-MiX","75udD9hen8NeHTe92rUNLa, 2YvlK6lKiKVjXxsjvNbnqg",Jason Zhang,75udD9hen8NeHTe92rUNLa,4qJdhQLcSfAAm3yxf66ylq,WHITE NIGHT (Honkai: Star Rail Penacony Theme Song),2024-01-27,138109,2.301816666666667,43,False,https://open.spotify.com/track/7iOA2YVu4WQHvedbXUQwWh,2025-11-20T07:03:00Z,False,Jason Zhang,"['gufeng', 'c-pop', 'mandopop']",49,358559,chinese,Chinese-script title,['Chinese-associated']
658txdPTenlhI5b20G6NJw,Everlasting Truth,re:plus,6ftHlqrtNdAq0bWL7zkaTG,re:plus,6ftHlqrtNdAq0bWL7zkaTG,7KG6Vwfo6KYOM4BVIlxFTV,IN YA MELLOW TONE GOON TRAX 10th Anniversary BEST,2016-12-14,231000,3.85,13,False,https://open.spotify.com/track/658txdPTenlhI5b20G6NJw,2025-11-20T07:03:00Z,False,re:plus,"['jazz rap', 'jazz beats', 'nu jazz']",38,50981,latin,Latin-script title,['Western-associated']
3dGIE2opbvDd0REsSaQWSd,没有什么不同 (Not That Different),Wanting,2OC4lXfGEKZkbmRCcf2vTq,Wanting,2OC4lXfGEKZkbmRCcf2vTq,3DMaPqmJAEShqwlMEJkcn1,Everything In The World (Deluxe Version),2012-11-13,288200,4.803333333333334,39,False,https://open.spotify.com/track/3dGIE2opbvDd0REsSaQWSd,2025-11-20T07:03:00Z,False,Wanting,"['mandopop', 'c-pop', 'taiwanese pop']",49,79668,mixed,Mixed-script title,['Chinese-associated']
3c1ItvzDDDpmDgLH9SIUp4,Immortals,Fall Out Boy,4UXqAaa6dQYAk18Lv7PEgX,Fall Out Boy,4UXqAaa6dQYAk18Lv7PEgX,72FOmF0bBxV9zPY1463mmM,Big Hero 6 (Original Motion Picture Soundtrack),2014-10-31,195026,3.2504333333333335,67,False,https://open.spotify.com/track/3c1ItvzDDDpmDgLH9SIUp4,2025-11-20T07:03:00Z,False,Fall Out Boy,"['emo', 'pop punk']",79,11807805,latin,Latin-script title,['Western-associated']
1cY5QAHkYwRUXNBiXbG4UB,不潮不用花錢,JJ Lin,7Dx7RhX0mFuXhCOUgB01uM,JJ Lin,7Dx7RhX0mFuXhCOUgB01uM,5ho7zsDu4fQkdD3YSXgXPe,他是…JJ林俊傑,2012-12-21,233506,3.891766666666667,30,False,https://open.spotify.com/track/1cY5QAHkYwRUXNBiXbG4UB,2025-11-20T07:03:00Z,False,JJ Lin,"['mandopop', 'c-pop', 'taiwanese pop', 'malay pop']",67,4257974,chinese,Chinese-script title,['Chinese-associated']
45hfU8W79J4iUc4XP5jcaQ,Home,Groove Coverage,1yWjNh9SRE7C59A3LDIwVW,Groove Coverage,1yWjNh9SRE7C59A3LDIwVW,6cPlyIvrAAIOsHPtiYcTWc,7 Years and 50 Days,2004,199453,3.3242166666666666,9,False,https://open.spotify.com/track/45hfU8W79J4iUc4XP5jcaQ,2025-11-20T07:03:00Z,False,Groove Coverage,['eurodance'],55,145679,latin,Latin-script title,['Western-associated']
5Tqqa2b9DOjXF6WLhjlrN0,Sweet Talk,Samantha Jade,5i84V8Zk7YqCN6xxb7SWgw,Samantha Jade,5i84V8Zk7YqCN6xxb7SWgw,5cu4tyy7iaY5faApxmEZM3,Sweet Talk,2014-11-18,212828,3.5471333333333335,52,False,https://open.spotify.com/track/5Tqqa2b9DOjXF6WLhjlrN0,2025-11-20T07:03:00Z,False,Samantha Jade,[],42,110096,latin,Latin-script title,['Western/Latin-title-associated']
4nVBt6MZDDP6tRVdQTgxJg,Story of My Life,One Direction,4AK6F7OLvEQ5QYCBNiQWHq,One Direction,4AK6F7OLvEQ5QYCBNiQWHq,7p1fX8aUySrBdx4WSYspOu,Midnight Memories (Deluxe),2013-11-25,245490,4.0915,86,False,https://open.spotify.com/track/4nVBt6MZDDP6tRVdQTgxJg,2025-11-20T07:03:00Z,False,One Direction,[],83,41324205,latin,Latin-script title,['Western/Latin-title-associated']
0Q4YuuiCuxIIKUw2fb1cmV,我們的愛,F.I.R.,5oqLnVZzJJXE3YnzzZfRKu,F.I.R.,5oqLnVZzJJXE3YnzzZfRKu,268ZucmIubAGuH8AGwYZEZ,飛兒樂團,2004-04-23,287026,4.783766666666667,66,False,https://open.spotify.com/track/0Q4YuuiCuxIIKUw2fb1cmV,2025-11-20T07:03:00Z,False,F.I.R.,"['mandopop', 'taiwanese pop', 'c-pop', 'malay pop']",56,264978,chinese,Chinese-script title,['Chinese-associated']
4eNeCUAnq5XuXwGanJb8qi,你的微笑,F.I.R.,5oqLnVZzJJXE3YnzzZfRKu,F.I.R.,5oqLnVZzJJXE3YnzzZfRKu,268ZucmIubAGuH8AGwYZEZ,飛兒樂團,2004-04-23,261493,4.358216666666666,57,False,https://open.spotify.com/track/4eNeCUAnq5XuXwGanJb8qi,2025-11-20T07:03:00Z,False,F.I.R.,"['mandopop', 'taiwanese pop', 'c-pop', 'malay pop']",56,264978,chinese,Chinese-script title,['Chinese-associated']
54JKnDB3CzVu8wNAOM27BI,When You're Gone,Avril Lavigne,0p4nmQO2msCgU4IF37Wi3j,Avril Lavigne,0p4nmQO2msCgU4IF37Wi3j,6lqE05fiHWJVYYdMVJNj38,The Best Damn Thing (Expanded Edition),2007-04-17,240493,4.008216666666667,72,False,https://open.spotify.com/track/54JKnDB3CzVu8wNAOM27BI,2025-11-20T07:03:00Z,False,Avril Lavigne,[],77,12579741,latin,Latin-script title,['Western/Latin-title-associated']
3gmgmGzX9S1FiTIfE0fsvU,Creepin' up on You,Darren Hayes,0ihJnGEjNnbM6uuTn3RHMo,Darren Hayes,0ihJnGEjNnbM6uuTn3RHMo,1CeFJy8yiuvmiOIF2WPFne,Spin,2002-03-18,293133,4.88555,49,False,https://open.spotify.com/track/3gmgmGzX9S1FiTIfE0fsvU,2025-11-20T07:03:00Z,False,Darren Hayes,[],42,114849,latin,Latin-script title,['Western/Latin-title-associated']
1Jzu6oies6m9zCiZtmU658,不死之身,JJ Lin,7Dx7RhX0mFuXhCOUgB01uM,JJ Lin,7Dx7RhX0mFuXhCOUgB01uM,39xeBR9gccwnwvDpzvq6ze,曹操,2006-02-17,227000,3.783333333333333,48,False,https://open.spotify.com/track/1Jzu6oies6m9zCiZtmU658,2025-11-20T07:03:00Z,False,JJ Lin,"['mandopop', 'c-pop', 'taiwanese pop', 'malay pop']",67,4257974,chinese,Chinese-script title,['Chinese-associated']
5OuP08bgU2H7ZeDQQFQ6q8,Innocence,Avril Lavigne,0p4nmQO2msCgU4IF37Wi3j,Avril Lavigne,0p4nmQO2msCgU4IF37Wi3j,6lqE05fiHWJVYYdMVJNj38,The Best Damn Thing (Expanded Edition),2007-04-17,232200,3.87,59,False,https://open.spotify.com/track/5OuP08bgU2H7ZeDQQFQ6q8,2025-11-20T07:03:00Z,False,Avril Lavigne,[],77,12579741,latin,Latin-script title,['Western/Latin-title-associated']
57gIhFXdJ5M9JuNDcbpcEk,Everybody Hurts,Avril Lavigne,0p4nmQO2msCgU4IF37Wi3j,Avril Lavigne,0p4nmQO2msCgU4IF37Wi3j,1COPJyU2PpM2Itcob3vhFF,Goodbye Lullaby (Expanded Edition),2011-03-08,221866,3.697766666666667,52,False,https://open.spotify.com/track/57gIhFXdJ5M9JuNDcbpcEk,2025-11-20T07:03:00Z,False,Avril Lavigne,[],77,12579741,latin,Latin-script title,['Western/Latin-title-associated']
2tZIVD0ZPxpsoFx7hvAjWh,The Saltwater Room,Owl City,07QEuhtrNmmZ0zEcqE9SF6,Owl City,07QEuhtrNmmZ0zEcqE9SF6,1KQIB9AYz2TWTxYoDW2A35,Ocean Eyes (Deluxe Version),2009-01-01,242586,4.0431,51,False,https://open.spotify.com/track/2tZIVD0ZPxpsoFx7hvAjWh,2025-11-20T07:03:00Z,False,Owl City,[],68,2577494,latin,Latin-script title,['Western/Latin-title-associated']
1rYYJVlUV2EcgehVUnwJvy,The Day You Went Away,M2M,0ZzYDST6Dib7iYd8hmcLcH,M2M,0ZzYDST6Dib7iYd8hmcLcH,64qpmVqrwUlBihBMhZDyJj,Shades of Purple,2000-02-15,222520,3.708666666666667,65,False,https://open.spotify.com/track/1rYYJVlUV2EcgehVUnwJvy,2025-11-20T07:03:00Z,False,M2M,['norwegian pop'],54,541116,latin,Latin-script title,['Western-associated']
5AwdQtK9c0ogafVxM8EWte,淋雨一直走,Angela Chang,4txug0T3vYc9p20tuhfCUa,Angela Chang,4txug0T3vYc9p20tuhfCUa,66g76J4BdnXocBKuajnv8E,有形的翅膀,2012-10-12,204906,3.4151,51,False,https://open.spotify.com/track/5AwdQtK9c0ogafVxM8EWte,2025-11-20T07:03:00Z,False,Angela Chang,"['mandopop', 'taiwanese pop', 'c-pop', 'malay pop']",52,653420,chinese,Chinese-script title,['Chinese-associated']
7hWVtFublmy3h0gf07BjJ3,最初的夢想,Christine Fan,1q7sCl0vg0EcaFdRz0XDGg,Christine Fan,1q7sCl0vg0EcaFdRz0XDGg,5DReuwF1sQY29BwRq60zb8,FOR FAN - 最初的夢想,2004-05-01,296226,4.9371,38,False,https://open.spotify.com/track/7hWVtFublmy3h0gf07BjJ3,2025-11-20T07:03:00Z,False,Christine Fan,"['mandopop', 'taiwanese pop', 'c-pop']",45,136145,chinese,Chinese-script title,['Chinese-associated']
3IrZYzY4Dg7lsMU8vl41fD,拯救,孫楠,0CxNT2689kPeISWh2eLMZO,孫楠,0CxNT2689kPeISWh2eLMZO,10if8rKtCHDmULI9JIimhL,緣分的天空,2021-05-27,332226,5.5371,39,False,https://open.spotify.com/track/3IrZYzY4Dg7lsMU8vl41fD,2025-11-20T07:03:02Z,False,孫楠,"['gufeng', 'mandopop', 'c-pop', 'taiwanese pop']",34,16416,chinese,Chinese-script title,['Chinese-associated']
37XzqSalyzxtVUn2jSf7ar,曹操,JJ Lin,7Dx7RhX0mFuXhCOUgB01uM,JJ Lin,7Dx7RhX0mFuXhCOUgB01uM,5ho7zsDu4fQkdD3YSXgXPe,他是…JJ林俊傑,2012-12-21,242000,4.033333333333333,25,False,https://open.spotify.com/track/37XzqSalyzxtVUn2jSf7ar,2025-11-20T07:03:02Z,False,JJ Lin,"['mandopop', 'c-pop', 'taiwanese pop', 'malay pop']",67,4257974,chinese,Chinese-script title,['Chinese-associated']
7oNXVeScJCnRg2FzxQ6z6o,下個，路口，見,Chris Lee,02VPWD8AZ7qSuug0dM4Hk1,Chris Lee,02VPWD8AZ7qSuug0dM4Hk1,4c29nyUuIsiJ3IYq8DMo0K,李宇春,2009-12-22,210373,3.5062166666666665,45,False,https://open.spotify.com/track/7oNXVeScJCnRg2FzxQ6z6o,2025-11-20T07:03:02Z,False,Chris Lee,"['gufeng', 'c-pop', 'mandopop']",41,20205,chinese,Chinese-script title,['Chinese-associated']
1ElFT1KRv8GV4OR6ChXPco,Dying for You,"Otto Knows, Lindsey Stirling, Alex Aris","5fahUm8t5c0GIdeTq0ZaG8, 378dH6EszOLFShpRzAQkVM, 7J7YzKnvAyEmHCg7LGWW0G",Otto Knows,5fahUm8t5c0GIdeTq0ZaG8,2DilH7UTXQEyVLqRqgDyNp,Ibiza Mix & Caribe Mix 2016,2016-09-22,198970,3.3161666666666667,1,False,https://open.spotify.com/track/1ElFT1KRv8GV4OR6ChXPco,2025-11-20T07:03:02Z,False,Otto Knows,[],58,397542,latin,Latin-script title,['Western/Latin-title-associated']
1gJA27xiMdENwoAVN7kMlo,My Only One (No Hay Nadie Más),"Sebastian Yatra, Isabela Merced","07YUOmWljBTXwIseAUd9TW, 2bIxak1AAD8wlDfMLnumUj",Sebastian Yatra,07YUOmWljBTXwIseAUd9TW,26VuZb8071jOTFmIayEgEe,My Only One (No Hay Nadie Más),2018-07-27,198280,3.304666666666667,60,False,https://open.spotify.com/track/1gJA27xiMdENwoAVN7kMlo,2025-11-20T07:03:02Z,False,Sebastian Yatra,"['colombian pop', 'reggaeton']",78,24886313,latin,Latin-script title,['Western-associated']
6KL88T4Ma4ABXqzgUoEwkd,Run,OneRepublic,5Pwc4xIPtQLFEnJriah9YJ,OneRepublic,5Pwc4xIPtQLFEnJriah9YJ,0SrskI3mHcu5MzKeZNv2f6,Human (Deluxe),2021-08-27,168259,2.804316666666667,75,False,https://open.spotify.com/track/6KL88T4Ma4ABXqzgUoEwkd,2025-11-20T07:03:02Z,False,OneRepublic,['soft pop'],82,19506446,latin,Latin-script title,['Western-associated']
30Lcy59RiXJKMVVkwhfdle,In The Night,Fly By Midnight,4rQTEdG6hDVOlDUFKs9EjZ,Fly By Midnight,4rQTEdG6hDVOlDUFKs9EjZ,2tG3UA2b0uZhVge9N7bR0Z,In The Night,2022-09-02,206000,3.433333333333333,47,False,https://open.spotify.com/track/30Lcy59RiXJKMVVkwhfdle,2025-11-20T07:03:02Z,False,Fly By Midnight,[],58,351229,latin,Latin-script title,['Western/Latin-title-associated']
3X3mfRMRaPJRiIMDMQtSkd,Landslide,Oh Wonder,5cIc3SBFuBLVxJz58W2tU9,Oh Wonder,5cIc3SBFuBLVxJz58W2tU9,37ABUtLPqktcopsBJ7jmXT,Oh Wonder,2015-09-04,208229,3.470483333333333,64,False,https://open.spotify.com/track/3X3mfRMRaPJRiIMDMQtSkd,2025-11-20T07:03:02Z,False,Oh Wonder,[],65,1122486,latin,Latin-script title,['Western/Latin-title-associated']
4D4KVgVNxed4Hd3rGWlCo2,Lydia,F.I.R.,5oqLnVZzJJXE3YnzzZfRKu,F.I.R.,5oqLnVZzJJXE3YnzzZfRKu,268ZucmIubAGuH8AGwYZEZ,飛兒樂團,2004-04-23,238933,3.9822166666666665,63,False,https://open.spotify.com/track/4D4KVgVNxed4Hd3rGWlCo2,2025-11-20T07:03:02Z,False,F.I.R.,"['mandopop', 'taiwanese pop', 'c-pop', 'malay pop']",56,264978,latin,Latin-script title,['Chinese-associated']
16U3RJaytxelZKAVWMAsH8,Call You Tonight,Whitney Houston,6XpaIBNiVzIetEPCWDvAFP,Whitney Houston,6XpaIBNiVzIetEPCWDvAFP,1MwwtYFk7ow6Bn0S98VW0A,I Look To You,2009-08-28,253076,4.217933333333334,50,False,https://open.spotify.com/track/16U3RJaytxelZKAVWMAsH8,2025-11-20T07:03:02Z,False,Whitney Houston,[],76,12317387,latin,Latin-script title,['Western/Latin-title-associated']
6vysCzjEwFF4flCw3d6DeO,Unbelievable,"Owl City, Hanson","07QEuhtrNmmZ0zEcqE9SF6, 0SdiiPkr02EUdekHZJkt58",Owl City,07QEuhtrNmmZ0zEcqE9SF6,6P9CHi6Dx26YWHeE3aTZiz,Mobile Orchestra,2015-07-10,193493,3.2248833333333335,50,False,https://open.spotify.com/track/6vysCzjEwFF4flCw3d6DeO,2025-11-20T07:03:02Z,False,Owl City,[],68,2577494,latin,Latin-script title,['Western/Latin-title-associated']
6IvRsHUxXN8hVsTtuNdt92,As the Dew,GARNET CROW,6vJEQqtEx2VB8clDzhyhvC,GARNET CROW,6vJEQqtEx2VB8clDzhyhvC,3e3NS2L4bziOWpIMvnRE3R,THE BEST History of GARNET CROW at the crest...,2010-02-10,241816,4.030266666666667,40,False,https://open.spotify.com/track/6IvRsHUxXN8hVsTtuNdt92,2025-11-20T07:03:02Z,False,GARNET CROW,"['anime', 'j-pop']",42,49626,latin,Latin-script title,['Japanese-associated']
7fsLtpbscBZUQntENqmR1S,Best Song Ever,One Direction,4AK6F7OLvEQ5QYCBNiQWHq,One Direction,4AK6F7OLvEQ5QYCBNiQWHq,0jVGdTKQ0pValbbtxv5h5O,Happiness Forever,2018-04-10,200986,3.3497666666666666,30,False,https://open.spotify.com/track/7fsLtpbscBZUQntENqmR1S,2025-11-20T07:03:02Z,False,One Direction,[],83,41324205,latin,Latin-script title,['Western/Latin-title-associated']
538mGMhcnSva7oMoAviUPf,江南,JJ Lin,7Dx7RhX0mFuXhCOUgB01uM,JJ Lin,7Dx7RhX0mFuXhCOUgB01uM,0WlVb96NEgRw2R6tlzFajT,林俊傑2003年-2010年作品精選集,2016-01-08,268000,4.466666666666667,36,False,https://open.spotify.com/track/538mGMhcnSva7oMoAviUPf,2025-11-20T07:03:02Z,False,JJ Lin,"['mandopop', 'c-pop', 'taiwanese pop', 'malay pop']",67,4257974,chinese,Chinese-script title,['Chinese-associated']
2w3ZAK00v15FMnJpyFN4GY,Without Me,Eminem,7dGJo4pcD2V6oG8kP0tJRR,Eminem,7dGJo4pcD2V6oG8kP0tJRR,6EzbFdrwvWpnpUjzrR57aU,The Eminem Show (Expanded Edition),2022-05-26,290320,4.838666666666667,45,True,https://open.spotify.com/track/2w3ZAK00v15FMnJpyFN4GY,2025-11-20T07:03:02Z,False,Eminem,"['rap', 'hip hop']",89,109797882,latin,Latin-script title,['Western-associated']
1FlkDS16uFgmETCpIlePux,Soft Lips,"BlankCh3ck, Nathaniel Davis","3WuJUaYWYw2KXcNozNFnpk, 45L2TKFEM2YmBbdIsBD1J2",BlankCh3ck,3WuJUaYWYw2KXcNozNFnpk,1C3BcaMOZrnTXPABeunea6,Soft Lips,2024-12-18,166922,2.782033333333333,43,False,https://open.spotify.com/track/1FlkDS16uFgmETCpIlePux,2025-11-20T07:03:02Z,False,BlankCh3ck,[],23,258,latin,Latin-script title,['Western/Latin-title-associated']
1MwjGc1bwzdDPjj1XBiawA,Make us never happen,shy martin,7eCmccnRwPmRnWPw61x6jM,shy martin,7eCmccnRwPmRnWPw61x6jM,71sb3x5BwKk87d7ZBOoSJY,Sad Songs,2020-08-07,171890,2.8648333333333333,0,False,https://open.spotify.com/track/1MwjGc1bwzdDPjj1XBiawA,2025-11-20T07:03:02Z,False,shy martin,[],55,311824,latin,Latin-script title,['Western/Latin-title-associated']
2tNp4xg5V42BuhNvUjcNx6,反方向的鐘,Jay Chou,2elBjNSdBE2Y3f0j1mjrql,Jay Chou,2elBjNSdBE2Y3f0j1mjrql,1Q4Kv3F8xwz7oxRP48grON,杰倫,2000-11-16,257600,4.293333333333333,51,False,https://open.spotify.com/track/2tNp4xg5V42BuhNvUjcNx6,2025-11-20T07:03:02Z,False,Jay Chou,"['mandopop', 'c-pop', 'taiwanese pop', 'gufeng', 'malay pop', 'cantopop', 'chinese r&b']",74,8429851,chinese,Chinese-script title,['Chinese-associated']
7IVCD8E5k6JT838HNnbNoQ,Love you like I do,Jamillions,6uMifszwAxqc9GprQpyQBp,Jamillions,6uMifszwAxqc9GprQpyQBp,7m0Xf07juykSvXpSQpd0CE,Almost Famous (Bonus Track Version),2010-10-13,234314,3.9052333333333333,38,False,https://open.spotify.com/track/7IVCD8E5k6JT838HNnbNoQ,2025-11-20T07:03:02Z,False,Jamillions,[],25,9167,latin,Latin-script title,['Western/Latin-title-associated']
2ahydS3UcOoAF2usK3I1ph,美人魚,JJ Lin,7Dx7RhX0mFuXhCOUgB01uM,JJ Lin,7Dx7RhX0mFuXhCOUgB01uM,3Hl00RKpdMnWtOal6WBlGK,第二天堂,2004-06-04,252000,4.2,57,False,https://open.spotify.com/track/2ahydS3UcOoAF2usK3I1ph,2025-11-20T07:03:02Z,False,JJ Lin,"['mandopop', 'c-pop', 'taiwanese pop', 'malay pop']",67,4257974,chinese,Chinese-script title,['Chinese-associated']
0kQyK2Jv3vabONEz3Radgu,Tidal Wave,"Kiso, Rossy","3okpOKUI8vvwAYi4cDoXdZ, 6qEdbOiGH3Xbn427bzoVAZ",Kiso,3okpOKUI8vvwAYi4cDoXdZ,5HxBYcXxhDXt6UEfYgkBgV,Tidal Wave,2016-11-01,182073,3.03455,21,True,https://open.spotify.com/track/0kQyK2Jv3vabONEz3Radgu,2025-11-20T07:03:02Z,False,Kiso,['tropical house'],29,10618,latin,Latin-script title,['Western/Latin-title-associated']
6YUUQapDEqBF1yP3iHlsut,Insomnia,Craig David,2JyWXPbkqI5ZJa3gwqVa0c,Craig David,2JyWXPbkqI5ZJa3gwqVa0c,1YI5yNJkzhBpN0BoK9AO4B,Rewind - The Collection,2017-03-03,207306,3.4551,65,False,https://open.spotify.com/track/6YUUQapDEqBF1yP3iHlsut,2025-11-20T07:03:02Z,False,Craig David,[],63,1035936,latin,Latin-script title,['Western/Latin-title-associated']
63xvTDxy0PGdEZXA9sSDiJ,Empty Love,"Lulleaux, Kid Princess","6bA8L82JXU9CQa2nyUnLDh, 1ASiBT2IQbg6HCujZCqb4m",Lulleaux,6bA8L82JXU9CQa2nyUnLDh,1bQb96pZSbYVexQAgm736P,Empty Love (feat. Kid Princess),2020-04-30,170314,2.8385666666666665,54,False,https://open.spotify.com/track/63xvTDxy0PGdEZXA9sSDiJ,2025-11-20T07:03:02Z,False,Lulleaux,['tropical house'],42,23152,latin,Latin-script title,['Western/Latin-title-associated']
1eyrmeiDpdTkOmA839nPVQ,Shed a Light,"Robin Schulz, David Guetta, Cheat Codes","3t5xRXzsuZmMDkQzgOX35S, 1Cs0zKBU1kc0i8ypK3B9ai, 7DMveApC7UnC2NPfPvlHSU",Robin Schulz,3t5xRXzsuZmMDkQzgOX35S,4iu0toRdSjyU0qIdKTWMoY,Uncovered,2017-09-29,191379,3.18965,63,False,https://open.spotify.com/track/1eyrmeiDpdTkOmA839nPVQ,2025-11-20T07:03:02Z,False,Robin Schulz,['tropical house'],77,3389464,latin,Latin-script title,['Western/Latin-title-associated']
35OsWv6XBj3ZvAejnnPSZT,Take Me Hand,"Daishi Dance, Cécile Corbel","01HEACGPo5xyiXgAJKEvxQ, 4mVQMbJAHOazLrBmgpgB8M",Daishi Dance,01HEACGPo5xyiXgAJKEvxQ,17bGlulmapVSGkvsHhqMmn,Take Me Hand,2012-11-14,259480,4.324666666666666,54,False,https://open.spotify.com/track/35OsWv6XBj3ZvAejnnPSZT,2025-11-20T07:03:02Z,False,Daishi Dance,"['shibuya-kei', 'j-dance']",37,30649,latin,Latin-script title,['Western-associated']
4SWtetkyJtyTVlrZsXu27e,why would i ever,Yba Memphis,0FGwO6quoKgqRNColTTIs3,Yba Memphis,0FGwO6quoKgqRNColTTIs3,38cZsHQSEQwO1OYcY68e3E,why would i ever,2022-11-05,141000,2.35,31,False,https://open.spotify.com/track/4SWtetkyJtyTVlrZsXu27e,2025-11-20T07:03:02Z,False,Yba Memphis,[],18,743,latin,Latin-script title,['Western/Latin-title-associated']
0Qq6DG8zjPu8nl8AXi49lw,Leavin',"KLYMVX, Roxanne Emery","68PsxdwOmePEmaNZJgKBU3, 70bIIPbBQeaFzRrIfahMEM",KLYMVX,68PsxdwOmePEmaNZJgKBU3,0GEpCGEOvnwWaxZ0OU1d3v,Leavin',2017-12-08,220013,3.6668833333333333,25,False,https://open.spotify.com/track/0Qq6DG8zjPu8nl8AXi49lw,2025-11-20T07:03:02Z,False,KLYMVX,['tropical house'],30,8424,latin,Latin-script title,['Western/Latin-title-associated']
6VuztO5yaKP4VjqSkZxpan,On My Own,Ashes Remain,0fkTQEEyEyH71i9tDhS7CO,Ashes Remain,0fkTQEEyEyH71i9tDhS7CO,13H9LxFZVQVfRMUxKQvejv,What I've Become,2011-08-23,172960,2.8826666666666667,66,False,https://open.spotify.com/track/6VuztO5yaKP4VjqSkZxpan,2025-11-20T07:03:02Z,False,Ashes Remain,"['christian rock', 'christian alternative rock']",52,339350,latin,Latin-script title,['Western-associated']
6CFPFnS9EcLs2I0nWqtWci,Because Of You,Ne-Yo,21E3waRsmPlU7jZsS13rcj,Ne-Yo,21E3waRsmPlU7jZsS13rcj,52q9xNv8COtSU9phlbO5sg,Because Of You,2007-01-01,266840,4.447333333333333,81,False,https://open.spotify.com/track/6CFPFnS9EcLs2I0nWqtWci,2025-11-20T07:03:02Z,False,Ne-Yo,[],82,11066807,latin,Latin-script title,['Western/Latin-title-associated']
0XNDfMN5TbrDJbjPkEfcbd,Lonely,Nana,40mGQmqwScWdeqW08ff7vu,Nana,40mGQmqwScWdeqW08ff7vu,0iJ8tIFNaSeaeSijKchY8C,Nana,1997-07-21,381333,6.35555,34,False,https://open.spotify.com/track/0XNDfMN5TbrDJbjPkEfcbd,2025-11-20T07:03:02Z,False,Nana,[],33,29157,latin,Latin-script title,['Western/Latin-title-associated']
4kux0P5UfguojB4h0lQnsj,STAY (with Justin Bieber),"The Kid LAROI, Justin Bieber","2tIP7SsRs7vjIcLrU85W8J, 1uNFoZAHBGtllmzznpCI3s",The Kid LAROI,2tIP7SsRs7vjIcLrU85W8J,4Lc269uQdu2XPJC1aZBR1E,STAY (with Justin Bieber),2021-07-09,141805,2.3634166666666667,64,False,https://open.spotify.com/track/4kux0P5UfguojB4h0lQnsj,2025-11-20T07:03:02Z,False,The Kid LAROI,[],81,6984049,latin,Latin-script title,['Western/Latin-title-associated']
1glJZF62bpxXzaF2N5YWdb,Wake (Studio),"Hillsong Young & Free, TAYA","7m4gF38CPATtHrk5HS42WZ, 3D04fb59z3ANxVaeHBfxtW",Hillsong Young & Free,7m4gF38CPATtHrk5HS42WZ,6zAWsUQxIUhLIdHCnZ6qXM,We Are Young & Free,2013-10-01,254946,4.2491,2,False,https://open.spotify.com/track/1glJZF62bpxXzaF2N5YWdb,2025-11-20T07:03:02Z,False,Hillsong Young & Free,"['worship', 'christian', 'pop worship', 'christian edm', 'christian pop']",59,1390449,latin,Latin-script title,['Western-associated']
6uBhi9gBXWjanegOb2Phh0,Stay,"Zedd, Alessia Cara","2qxJFvFYMEDqd7ui6kSAcq, 2wUjUUtkb5lvLKcGKsKqsR",Zedd,2qxJFvFYMEDqd7ui6kSAcq,1I4W7JKzYbl8VKRfD61DIS,Stay,2017-02-23,210090,3.5015,80,False,https://open.spotify.com/track/6uBhi9gBXWjanegOb2Phh0,2025-11-20T07:03:02Z,False,Zedd,['edm'],76,6272118,latin,Latin-script title,['Western-associated']
09IStsImFySgyp0pIQdqAc,The Middle,"Zedd, Maren Morris, Grey","2qxJFvFYMEDqd7ui6kSAcq, 6WY7D3jk8zTrHtmkqqo5GI, 4lDBihdpMlOalxy1jkUbPl",Zedd,2qxJFvFYMEDqd7ui6kSAcq,7nEiwcUSwycvC77kZ9ub7c,The Middle,2018-01-23,184732,3.078866666666667,82,False,https://open.spotify.com/track/09IStsImFySgyp0pIQdqAc,2025-11-20T07:03:02Z,False,Zedd,['edm'],76,6272118,latin,Latin-script title,['Western-associated']
6s3GEN8wK0OMzzzZbXj0fu,Hymn for the Weekend - Seeb Remix,"Coldplay, Seeb","4gzpq5DPGxSnKTe4SA8HAU, 5iNrZmtVMtYev5M9yoWpEq",Coldplay,4gzpq5DPGxSnKTe4SA8HAU,0ezwRysfWCrR5tDgpBwkIw,Hymn for the Weekend (Seeb Remix),2016-03-25,212647,3.5441166666666666,70,False,https://open.spotify.com/track/6s3GEN8wK0OMzzzZbXj0fu,2025-11-20T07:03:02Z,False,Coldplay,[],88,64012381,latin,Latin-script title,['Western/Latin-title-associated']
2o5woNaj4eQXCwbrJ001A2,Mama - Acoustic,"Jonas Blue, William Singe","1HBjj22wzbscIZ9sEb5dyf, 5exS0bytCYdixgv02DaCm3",Jonas Blue,1HBjj22wzbscIZ9sEb5dyf,4n6LyGcoQuvQqAbhAWUsSl,Mama (Acoustic),2017-06-30,192277,3.2046166666666664,52,False,https://open.spotify.com/track/2o5woNaj4eQXCwbrJ001A2,2025-11-20T07:03:02Z,False,Jonas Blue,['tropical house'],74,3928792,latin,Latin-script title,['Western/Latin-title-associated']
6brl7bwOHmGFkNw3MBqssT,So Sick,Ne-Yo,21E3waRsmPlU7jZsS13rcj,Ne-Yo,21E3waRsmPlU7jZsS13rcj,6gkwOLmk0ALMOjWs5WhAEr,In My Own Words,2006-01-01,207186,3.4531,83,False,https://open.spotify.com/track/6brl7bwOHmGFkNw3MBqssT,2025-11-20T07:03:02Z,False,Ne-Yo,[],82,11066807,latin,Latin-script title,['Western/Latin-title-associated']
63rLuT9MeQb2aGK2FuYjUj,Pull Up,Luh Kel,24CgJHK6T7C5OmUbiLLMjJ,Luh Kel,24CgJHK6T7C5OmUbiLLMjJ,4OugXWjxT1agjHXpJVpmWH,Pull Up,2019-07-30,123399,2.05665,30,True,https://open.spotify.com/track/63rLuT9MeQb2aGK2FuYjUj,2025-11-20T07:03:02Z,False,Luh Kel,[],54,1214438,latin,Latin-script title,['Western/Latin-title-associated']
6saByK5iPIy3TlQFDq0Q1B,Kiss Fight (feat. gnash) - Ben Phipps Remix,"Tülpa & BLANKTS, gnash, Ben Phipps","2WLKDrhZ5FGTXLcCQ4FQVa, 3iri9nBFs9e4wN7PLIetAw, 4gdU6QYD0tktQA9AHdcNn4",Tülpa & BLANKTS,2WLKDrhZ5FGTXLcCQ4FQVa,6cOFsYi2lgQ3GzJBpf454l,Kiss Fight (feat. gnash) [Ben Phipps Remix],2017-11-03,160613,2.6768833333333335,30,True,https://open.spotify.com/track/6saByK5iPIy3TlQFDq0Q1B,2025-11-20T07:03:02Z,False,Tülpa & BLANKTS,[],12,3085,latin,Latin-script title,['Western/Latin-title-associated']
7Hrkr5v8bmhwRfoWwHoVco,Take Me Home,"BUNT., Alexander Tidebrink","2CpLIMBoE2ZzyY3ZBCRZ7j, 6kI0ZZ0yjJ3Bf5JjEgUJLC",BUNT.,2CpLIMBoE2ZzyY3ZBCRZ7j,2oKnJlDUICWslHw4z0lsZH,Take Me Home,2017-07-07,199456,3.3242666666666665,48,False,https://open.spotify.com/track/7Hrkr5v8bmhwRfoWwHoVco,2025-11-20T07:03:02Z,False,BUNT.,['stutter house'],71,386798,latin,Latin-script title,['Western/Latin-title-associated']
5SPT1KuklXBFoBc5QdphOC,The Way I Still Love You,Reynard Silva,4Nxf1eWIJmgCAE7vgLrTfk,Reynard Silva,4Nxf1eWIJmgCAE7vgLrTfk,4v5WTx73nGxTdlbH1jrWxi,Reynard Silva,2014-03-05,226829,3.780483333333333,62,False,https://open.spotify.com/track/5SPT1KuklXBFoBc5QdphOC,2025-11-20T07:03:02Z,False,Reynard Silva,[],44,24516,latin,Latin-script title,['Western/Latin-title-associated']
3onAIZ39DGgN5XNmdQbavn,春娇与志明,"街道办GDC, 欧阳耀莹","2Fx1kbR8Oe8diru7ZsdlFi, 440d6YZ66LFgruYaYlkx62",街道办GDC,2Fx1kbR8Oe8diru7ZsdlFi,72TQZiagzAgsHeEulb2Xkg,春娇与志明,2017-06-25,204998,3.4166333333333334,40,False,https://open.spotify.com/track/3onAIZ39DGgN5XNmdQbavn,2025-11-20T07:03:02Z,False,街道办GDC,"['chinese hip hop', 'chinese r&b', 'c-pop', 'cantopop', 'mandopop']",39,5074,chinese,Chinese-script title,['Chinese-associated']
6wmAHw1szh5RCKSRjiXhPe,How Long,Charlie Puth,6VuMaDnrHyPL1p4EHjYLi7,Charlie Puth,6VuMaDnrHyPL1p4EHjYLi7,0mZIUXje90JtHxPNzWsJNR,Voicenotes,2018-05-11,200853,3.34755,79,False,https://open.spotify.com/track/6wmAHw1szh5RCKSRjiXhPe,2025-11-20T07:03:02Z,False,Charlie Puth,['soft pop'],81,26461505,latin,Latin-script title,['Western-associated']
6qNALlmZa1ESnCxJmXE1K9,The Way I Am,Charlie Puth,6VuMaDnrHyPL1p4EHjYLi7,Charlie Puth,6VuMaDnrHyPL1p4EHjYLi7,0mZIUXje90JtHxPNzWsJNR,Voicenotes,2018-05-11,186080,3.1013333333333333,65,False,https://open.spotify.com/track/6qNALlmZa1ESnCxJmXE1K9,2025-11-20T07:03:02Z,False,Charlie Puth,['soft pop'],81,26461505,latin,Latin-script title,['Western-associated']
1lsBTdE6MGsKeZCD6llNu7,Done for Me (feat. Kehlani),"Charlie Puth, Kehlani","6VuMaDnrHyPL1p4EHjYLi7, 0cGUm45nv7Z6M6qdXYQGTX",Charlie Puth,6VuMaDnrHyPL1p4EHjYLi7,0mZIUXje90JtHxPNzWsJNR,Voicenotes,2018-05-11,180493,3.0082166666666668,72,False,https://open.spotify.com/track/1lsBTdE6MGsKeZCD6llNu7,2025-11-20T07:03:02Z,False,Charlie Puth,['soft pop'],81,26461505,latin,Latin-script title,['Western-associated']
2S4CfxZG29GZWwDeMtBq2R,I Just Wanna Run,The Downtown Fiction,7MRDkEKtdsGcYn11A4qgUL,The Downtown Fiction,7MRDkEKtdsGcYn11A4qgUL,5fXNchpJ8jblaAsFQgVjLH,Best I Never Had,2010-03-23,199959,3.33265,48,False,https://open.spotify.com/track/2S4CfxZG29GZWwDeMtBq2R,2025-11-20T07:03:02Z,False,The Downtown Fiction,['pop punk'],42,166041,latin,Latin-script title,['Western-associated']
5Zy4OB1HiZA1FSpoOKKfPo,PLANET,Labmsey,2rfFjnIdU5NDoQOshNa31z,Labmsey,2rfFjnIdU5NDoQOshNa31z,1eesvAth8KUYdHRPDJRHSN,3ラムジ,2006-06-07,243400,4.056666666666667,29,False,https://open.spotify.com/track/5Zy4OB1HiZA1FSpoOKKfPo,2025-11-20T07:03:02Z,False,Labmsey,[],13,1247,latin,Latin-script title,['Western/Latin-title-associated']
5UNQ7lSjZPnulXa4joqjaQ,Leave Out All The Rest,Linkin Park,6XyY86QOPPrYVGvF9ch6wz,Linkin Park,6XyY86QOPPrYVGvF9ch6wz,26eje1nYHIOfUIIpLQvzif,Minutes to Midnight (Deluxe Edition),2007-05-14,209390,3.4898333333333333,29,False,https://open.spotify.com/track/5UNQ7lSjZPnulXa4joqjaQ,2025-11-20T07:03:02Z,False,Linkin Park,"['nu metal', 'rap metal', 'rock', 'alternative metal']",89,34542635,latin,Latin-script title,['Western-associated']
3FQCJI2t5LTbsRPfYVBSVB,Battle Symphony,Linkin Park,6XyY86QOPPrYVGvF9ch6wz,Linkin Park,6XyY86QOPPrYVGvF9ch6wz,5Eevxp2BCbWq25ZdiXRwYd,One More Light,2017-05-19,216281,3.6046833333333335,65,False,https://open.spotify.com/track/3FQCJI2t5LTbsRPfYVBSVB,2025-11-20T07:03:02Z,False,Linkin Park,"['nu metal', 'rap metal', 'rock', 'alternative metal']",89,34542635,latin,Latin-script title,['Western-associated']
650OeHTLxZAQmb4aEbGmaA,Good Goodbye (feat. Pusha T and Stormzy),"Linkin Park, Pusha T, Stormzy","6XyY86QOPPrYVGvF9ch6wz, 0ONHkAv9pCAFxb0zJwDNTy, 2SrSdSvpminqmStGELCSNd",Linkin Park,6XyY86QOPPrYVGvF9ch6wz,5Eevxp2BCbWq25ZdiXRwYd,One More Light,2017-05-19,211413,3.52355,61,False,https://open.spotify.com/track/650OeHTLxZAQmb4aEbGmaA,2025-11-20T07:03:02Z,False,Linkin Park,"['nu metal', 'rap metal', 'rock', 'alternative metal']",89,34542635,latin,Latin-script title,['Western-associated']
1vnnXMrBeEWiRg3YCMCjQq,Despacito - Remix,"Luis Fonsi, Daddy Yankee, Justin Bieber","4V8Sr092TqfHkfAA5fXXqG, 4VMYDCV2IEDYJArk749S6m, 1uNFoZAHBGtllmzznpCI3s",Luis Fonsi,4V8Sr092TqfHkfAA5fXXqG,5C0YLr4OoRGFDaqdMQmkeH,VIDA,2019-02-01,230413,3.8402166666666666,74,False,https://open.spotify.com/track/1vnnXMrBeEWiRg3YCMCjQq,2025-11-20T07:03:02Z,False,Luis Fonsi,['latin'],75,11289012,latin,Latin-script title,['Western/Latin-title-associated']
5G2c6FsfTzgYUzageCmfXY,One Thing,One Direction,4AK6F7OLvEQ5QYCBNiQWHq,One Direction,4AK6F7OLvEQ5QYCBNiQWHq,6cunQQ7YZisYOoiFu2ywIq,Up All Night,2012-05-25,197600,3.2933333333333334,78,False,https://open.spotify.com/track/5G2c6FsfTzgYUzageCmfXY,2025-11-20T07:03:02Z,False,One Direction,[],83,41324205,latin,Latin-script title,['Western/Latin-title-associated']
1Zeo9glWlcZrqdmTPXoK9o,What I've Done,Linkin Park,6XyY86QOPPrYVGvF9ch6wz,Linkin Park,6XyY86QOPPrYVGvF9ch6wz,4JtIVJRA342O0YoAchen5Q,Minutes to Midnight (Deluxe Edition),2007-05-14,205447,3.4241166666666665,52,False,https://open.spotify.com/track/1Zeo9glWlcZrqdmTPXoK9o,2025-11-20T07:03:02Z,False,Linkin Park,"['nu metal', 'rap metal', 'rock', 'alternative metal']",89,34542635,latin,Latin-script title,['Western-associated']
2DGa7iaidT5s0qnINlwMjJ,The Spectre,Alan Walker,7vk5e3vY1uw9plTHJAMwjN,Alan Walker,7vk5e3vY1uw9plTHJAMwjN,1IKRstg3XuCuLWeCg3oaAW,The Spectre,2017-09-15,193787,3.2297833333333332,74,False,https://open.spotify.com/track/2DGa7iaidT5s0qnINlwMjJ,2025-11-20T07:03:02Z,False,Alan Walker,[],80,42019962,latin,Latin-script title,['Western/Latin-title-associated']
5mSLRErB9D6gHo9C7Uh9Z6,We Don’t Talk Anymore,"Charlie Puth, Selena Gomez","6VuMaDnrHyPL1p4EHjYLi7, 0C8ZW7ezQVs4URX5aX7Kqx",Charlie Puth,6VuMaDnrHyPL1p4EHjYLi7,3DrVOTZXZzzR5QkazO6pXx,Románticas en Inglés,2023-08-11,217706,3.628433333333333,47,False,https://open.spotify.com/track/5mSLRErB9D6gHo9C7Uh9Z6,2025-11-20T07:03:02Z,False,Charlie Puth,['soft pop'],81,26461505,latin,Latin-script title,['Western-associated']
0uKNrHYRdAj6hYHxCcoHOY,Good Time,"Owl City, Carly Rae Jepsen","07QEuhtrNmmZ0zEcqE9SF6, 6sFIWsNpZYqfjUpaCgueju",Owl City,07QEuhtrNmmZ0zEcqE9SF6,29blfJv8AddJrjuG3DpE13,Kiss (Deluxe),2012-01-01,205120,3.4186666666666667,41,False,https://open.spotify.com/track/0uKNrHYRdAj6hYHxCcoHOY,2025-11-20T07:03:02Z,False,Owl City,[],68,2577494,latin,Latin-script title,['Western/Latin-title-associated']
4cluDES4hQEUhmXj6TXkSo,What Makes You Beautiful,One Direction,4AK6F7OLvEQ5QYCBNiQWHq,One Direction,4AK6F7OLvEQ5QYCBNiQWHq,6cunQQ7YZisYOoiFu2ywIq,Up All Night,2012-05-25,199986,3.3331,88,False,https://open.spotify.com/track/4cluDES4hQEUhmXj6TXkSo,2025-11-20T07:03:02Z,False,One Direction,[],83,41324205,latin,Latin-script title,['Western/Latin-title-associated']
2Vdub5mY4lad7w64bFPUez,Hey Ma (with Pitbull & J Balvin feat. Camila Cabello),"Pitbull, J Balvin, Camila Cabello","0TnOYISbd1XYRBk9myaseg, 1vyhD5VmyZ7KMfW5gqLgo5, 4nDoRrQiYLoBzwC5BhVJzF",Pitbull,0TnOYISbd1XYRBk9myaseg,620wwdsvJGaC4uh8Fj416Y,Hey Ma (with Pitbull & J Balvin feat. Camila Cabello),2017-03-09,194941,3.249016666666667,54,False,https://open.spotify.com/track/2Vdub5mY4lad7w64bFPUez,2025-11-20T07:03:02Z,False,Pitbull,[],86,12812648,latin,Latin-script title,['Western/Latin-title-associated']
2tpWsVSb9UEmDRxAl1zhX1,Counting Stars,OneRepublic,5Pwc4xIPtQLFEnJriah9YJ,OneRepublic,5Pwc4xIPtQLFEnJriah9YJ,20lOt6G8MHv8ZO7ViOmiP7,Native,2013-01-01,257265,4.28775,90,False,https://open.spotify.com/track/2tpWsVSb9UEmDRxAl1zhX1,2025-11-20T07:03:02Z,False,OneRepublic,['soft pop'],82,19506446,latin,Latin-script title,['Western-associated']
2oNYsdCasRRlz1shXFAz7D,LOST IN THE ECHO,Linkin Park,6XyY86QOPPrYVGvF9ch6wz,Linkin Park,6XyY86QOPPrYVGvF9ch6wz,4XHIjbhjRmqWlosjj5rqSI,LIVING THINGS,2012-06-19,205120,3.4186666666666667,73,False,https://open.spotify.com/track/2oNYsdCasRRlz1shXFAz7D,2025-11-20T07:03:02Z,False,Linkin Park,"['nu metal', 'rap metal', 'rock', 'alternative metal']",89,34542635,latin,Latin-script title,['Western-associated']
2YRLXsjjIO7oj1OIEWnmTT,BURN IT DOWN,Linkin Park,6XyY86QOPPrYVGvF9ch6wz,Linkin Park,6XyY86QOPPrYVGvF9ch6wz,1X472EvsSqH09RyrqbtyXU,Papercuts,2024-04-12,230258,3.8376333333333332,47,False,https://open.spotify.com/track/2YRLXsjjIO7oj1OIEWnmTT,2025-11-20T07:03:02Z,False,Linkin Park,"['nu metal', 'rap metal', 'rock', 'alternative metal']",89,34542635,latin,Latin-script title,['Western-associated']
60a0Rd6pjrkxjPbaKzXjfq,In the End,Linkin Park,6XyY86QOPPrYVGvF9ch6wz,Linkin Park,6XyY86QOPPrYVGvF9ch6wz,6hPkbAV3ZXpGZBGUvL6jVM,Hybrid Theory (Bonus Edition),2000-10-24,216880,3.6146666666666665,91,False,https://open.spotify.com/track/60a0Rd6pjrkxjPbaKzXjfq,2025-11-20T07:03:02Z,False,Linkin Park,"['nu metal', 'rap metal', 'rock', 'alternative metal']",89,34542635,latin,Latin-script title,['Western-associated']
2nLtzopw4rPReszdYBJU6h,Numb,Linkin Park,6XyY86QOPPrYVGvF9ch6wz,Linkin Park,6XyY86QOPPrYVGvF9ch6wz,4Gfnly5CzMJQqkUFfoHaP3,Meteora,2003-03-25,187520,3.1253333333333333,90,False,https://open.spotify.com/track/2nLtzopw4rPReszdYBJU6h,2025-11-20T07:03:02Z,False,Linkin Park,"['nu metal', 'rap metal', 'rock', 'alternative metal']",89,34542635,latin,Latin-script title,['Western-associated']
7BKLCZ1jbUBVqRi2FVlTVw,Closer,"The Chainsmokers, Halsey","69GGBxA162lTqCwzJG5jLp, 26VFTg2z8YR0cCuwLzESi2",The Chainsmokers,69GGBxA162lTqCwzJG5jLp,0rSLgV8p5FzfnqlEk4GzxE,Closer,2016-07-29,244960,4.082666666666666,90,False,https://open.spotify.com/track/7BKLCZ1jbUBVqRi2FVlTVw,2025-11-20T07:03:02Z,False,The Chainsmokers,[],81,21877788,latin,Latin-script title,['Western/Latin-title-associated']
0lYBSQXN6rCTvUZvg9S0lU,Let Me Love You,"DJ Snake, Justin Bieber","540vIaP2JwjQb9dm3aArA4, 1uNFoZAHBGtllmzznpCI3s",DJ Snake,540vIaP2JwjQb9dm3aArA4,02sEJTj1sye1JaqxqpcSCp,Encore,2016-08-05,205946,3.4324333333333334,92,False,https://open.spotify.com/track/0lYBSQXN6rCTvUZvg9S0lU,2025-11-20T07:03:02Z,False,DJ Snake,[],80,9685047,latin,Latin-script title,['Western/Latin-title-associated']
4356Typ82hUiFAynbLYbPn,DJ Got Us Fallin' In Love (feat. Pitbull),"USHER, Pitbull","23zg3TcAtWQy7J6upgbUnj, 0TnOYISbd1XYRBk9myaseg",USHER,23zg3TcAtWQy7J6upgbUnj,6A1F3Fkq5dYeYYNkXflcTX,Raymond v Raymond (Expanded Edition),2010-03-30,220800,3.68,87,False,https://open.spotify.com/track/4356Typ82hUiFAynbLYbPn,2025-11-20T07:03:02Z,False,USHER,['r&b'],82,14818304,latin,Latin-script title,['Western-associated']
0v1XpBHnsbkCn7iJ9Ucr1l,It's My Life,Bon Jovi,58lV9VcRSjABbAbfWS6skp,Bon Jovi,58lV9VcRSjABbAbfWS6skp,0Q9SljCrM0CL0bR23MuP69,Crush,2000-01-01,224493,3.74155,84,False,https://open.spotify.com/track/0v1XpBHnsbkCn7iJ9Ucr1l,2025-11-20T07:03:02Z,False,Bon Jovi,['glam metal'],79,16922667,latin,Latin-script title,['Western-associated']
7gHs73wELdeycvS48JfIos,Faded,Alan Walker,7vk5e3vY1uw9plTHJAMwjN,Alan Walker,7vk5e3vY1uw9plTHJAMwjN,5HMjpBO0v78ayq5lreAyDd,Faded,2015-12-04,212626,3.5437666666666665,75,False,https://open.spotify.com/track/7gHs73wELdeycvS48JfIos,2025-11-20T07:03:02Z,False,Alan Walker,[],80,42019962,latin,Latin-script title,['Western/Latin-title-associated']
1ItNT91PjJLMYIrHNkW3UN,Eenie Meenie,"Sean Kingston, Justin Bieber","6S0dmVVn4udvppDhZIWxCr, 1uNFoZAHBGtllmzznpCI3s",Sean Kingston,6S0dmVVn4udvppDhZIWxCr,3QHcMgHxTM4vNdhyK6MmaU,Hip-Hop das Antigas - de 2000 até 2010,2024-12-22,201129,3.35215,41,False,https://open.spotify.com/track/1ItNT91PjJLMYIrHNkW3UN,2025-11-20T07:03:02Z,False,Sean Kingston,[],75,4126249,latin,Latin-script title,['Western/Latin-title-associated']
09CtPGIpYB4BrO8qb1RGsF,Sorry,Justin Bieber,1uNFoZAHBGtllmzznpCI3s,Justin Bieber,1uNFoZAHBGtllmzznpCI3s,6Fr2rQkZ383FcMqFyT7yPr,Purpose (Deluxe),2015-11-13,200786,3.346433333333333,92,False,https://open.spotify.com/track/09CtPGIpYB4BrO8qb1RGsF,2025-11-20T07:03:02Z,False,Justin Bieber,[],96,91076968,latin,Latin-script title,['Western/Latin-title-associated']
08CnTdO6vP3Kbv2S837qTt,Love Yourself,Justin Bieber,1uNFoZAHBGtllmzznpCI3s,Justin Bieber,1uNFoZAHBGtllmzznpCI3s,6nxoGbZBrR4FgKFgO0kPaw,I Love My Mom,2021-05-10,232626,3.8771,13,False,https://open.spotify.com/track/08CnTdO6vP3Kbv2S837qTt,2025-11-20T07:03:02Z,False,Justin Bieber,[],96,91076968,latin,Latin-script title,['Western/Latin-title-associated']
0pwYLVXVknPSGUQb39cePC,As Long As You Love Me,"Justin Bieber, Big Sean","1uNFoZAHBGtllmzznpCI3s, 0c173mlxpT3dSFRgMO8XPh",Justin Bieber,1uNFoZAHBGtllmzznpCI3s,70f70xLCpH7wHaVvB2oZT9,Believe (Deluxe Edition),2012-06-15,229466,3.8244333333333334,78,False,https://open.spotify.com/track/0pwYLVXVknPSGUQb39cePC,2025-11-20T07:03:02Z,False,Justin Bieber,[],96,91076968,latin,Latin-script title,['Western/Latin-title-associated']
4B0JvthVoAAuygILe3n4Bs,What Do You Mean?,Justin Bieber,1uNFoZAHBGtllmzznpCI3s,Justin Bieber,1uNFoZAHBGtllmzznpCI3s,6Fr2rQkZ383FcMqFyT7yPr,Purpose (Deluxe),2015-11-13,205680,3.428,89,False,https://open.spotify.com/track/4B0JvthVoAAuygILe3n4Bs,2025-11-20T07:03:02Z,False,Justin Bieber,[],96,91076968,latin,Latin-script title,['Western/Latin-title-associated']
3ZsOYk34IQMrH4B1PBdofL,Boyfriend - Acoustic Version,Justin Bieber,1uNFoZAHBGtllmzznpCI3s,Justin Bieber,1uNFoZAHBGtllmzznpCI3s,4yz9rO7Q1UC2rK5eLOxmS7,Believe Acoustic,2013-01-01,187680,3.128,58,False,https://open.spotify.com/track/3ZsOYk34IQMrH4B1PBdofL,2025-11-20T07:03:02Z,False,Justin Bieber,[],96,91076968,latin,Latin-script title,['Western/Latin-title-associated']
0UWGKR6b4nJCvK7Q1yjgjh,Makes Me Wonder,Maroon 5,04gDigrS5kc9YWfZHwBETP,Maroon 5,04gDigrS5kc9YWfZHwBETP,2Zp8p8ZO12s6ThkT5DCJrb,It Won't Be Soon Before Long,2007,211080,3.518,43,True,https://open.spotify.com/track/0UWGKR6b4nJCvK7Q1yjgjh,2025-11-20T07:03:02Z,False,Maroon 5,['pop'],86,47831351,latin,Latin-script title,['Western-associated']
4GQ8HJfG96TteksI58fo3d,Maps,Maroon 5,04gDigrS5kc9YWfZHwBETP,Maroon 5,04gDigrS5kc9YWfZHwBETP,23EYFmM6jGfFlpuiqfjTSc,V (Deluxe),2014-09-02,190266,3.1711,16,False,https://open.spotify.com/track/4GQ8HJfG96TteksI58fo3d,2025-11-20T07:03:02Z,False,Maroon 5,['pop'],86,47831351,latin,Latin-script title,['Western-associated']
1XGmzt0PVuFgQYYnV2It7A,Payphone,"Maroon 5, Wiz Khalifa","04gDigrS5kc9YWfZHwBETP, 137W8MRPWKqSmrBGDBFSop",Maroon 5,04gDigrS5kc9YWfZHwBETP,6ijGiBcBfUwkoyHn5VUHU2,Overexposed Track By Track,2012-01-01,231173,3.852883333333333,88,True,https://open.spotify.com/track/1XGmzt0PVuFgQYYnV2It7A,2025-11-20T07:03:02Z,False,Maroon 5,['pop'],86,47831351,latin,Latin-script title,['Western-associated']
78Yxsdi1JiwLDsU7TWHezw,Sugar,Maroon 5,04gDigrS5kc9YWfZHwBETP,Maroon 5,04gDigrS5kc9YWfZHwBETP,0lHJwrDEFxrJhpB1gQoeMp,V (Deluxe),2014-09-02,235506,3.9251,55,False,https://open.spotify.com/track/78Yxsdi1JiwLDsU7TWHezw,2025-11-20T07:03:02Z,False,Maroon 5,['pop'],86,47831351,latin,Latin-script title,['Western-associated']
6NbPOAog2uOucBSkMm5YPR,Cake By The Ocean,DNCE,6T5tfhQCknKG4UnH90qGnz,DNCE,6T5tfhQCknKG4UnH90qGnz,4KHbrk7K0TOP6weuNURWwd,KIDS PARTY 2020,2020-07-03,218346,3.6391,7,False,https://open.spotify.com/track/6NbPOAog2uOucBSkMm5YPR,2025-11-20T07:03:02Z,False,DNCE,[],67,4655549,latin,Latin-script title,['Western/Latin-title-associated']
7jEyX4bqaCSdMN4D4JNnVj,Mama,"Jonas Blue, William Singe","1HBjj22wzbscIZ9sEb5dyf, 5exS0bytCYdixgv02DaCm3",Jonas Blue,1HBjj22wzbscIZ9sEb5dyf,2xZSrcBmvMw9Y8hac6xU7L,Blue,2018-11-09,184133,3.0688833333333334,75,False,https://open.spotify.com/track/7jEyX4bqaCSdMN4D4JNnVj,2025-11-20T07:03:02Z,False,Jonas Blue,['tropical house'],74,3928792,latin,Latin-script title,['Western/Latin-title-associated']
57w29bSwdIZ6gr6xXOqwc1,七里香,Jay Chou,2elBjNSdBE2Y3f0j1mjrql,Jay Chou,2elBjNSdBE2Y3f0j1mjrql,6WdM1OfmVIPuQ56QPmaJIr,七里香,2004-08-03,297200,4.953333333333333,65,False,https://open.spotify.com/track/57w29bSwdIZ6gr6xXOqwc1,2025-11-20T07:03:02Z,False,Jay Chou,"['mandopop', 'c-pop', 'taiwanese pop', 'gufeng', 'malay pop', 'cantopop', 'chinese r&b']",74,8429851,chinese,Chinese-script title,['Chinese-associated']
7LK08mnDnjpiRzNCdrkMLI,"Baby, Don't Cry - Chinese Version",EXO,3cjEqqelV9zb4BYE3qDQ4O,EXO,3cjEqqelV9zb4BYE3qDQ4O,4qduCvpyBL5hGYdBvCvcDA,The 1st Album 'XOXO' (Repackage),2013-08-05,233955,3.89925,45,False,https://open.spotify.com/track/7LK08mnDnjpiRzNCdrkMLI,2025-11-20T08:16:46Z,False,EXO,['k-pop'],70,10424749,latin,Latin-script title,['Korean-associated']
3nq0DoAgoNZiy4nsaK800M,Runaway,David Tao,40tNK2YedBV2jRFAHxpifB,David Tao,40tNK2YedBV2jRFAHxpifB,77AgHl7qsf2sDVuiTWDaRe,樂之路,2003-04-02,255706,4.2617666666666665,38,False,https://open.spotify.com/track/3nq0DoAgoNZiy4nsaK800M,2026-01-05T00:40:59Z,False,David Tao,"['mandopop', 'chinese r&b', 'c-pop', 'taiwanese pop', 'malay pop']",60,1270568,latin,Latin-script title,['Chinese-associated']
1IFr4Jpyed6Zs8zSoKVGT4,王八蛋,David Tao,40tNK2YedBV2jRFAHxpifB,David Tao,40tNK2YedBV2jRFAHxpifB,433Xh8UtsKASBYCt0QNk4Q,陶喆同名專輯,1997-12-06,254466,4.2411,38,False,https://open.spotify.com/track/1IFr4Jpyed6Zs8zSoKVGT4,2026-01-05T00:41:06Z,False,David Tao,"['mandopop', 'chinese r&b', 'c-pop', 'taiwanese pop', 'malay pop']",60,1270568,chinese,Chinese-script title,['Chinese-associated']
03xMCZmdtvF2LAK2Fizm9y,寂寞的季節,David Tao,40tNK2YedBV2jRFAHxpifB,David Tao,40tNK2YedBV2jRFAHxpifB,77AgHl7qsf2sDVuiTWDaRe,樂之路,2003-04-02,215826,3.5971,51,False,https://open.spotify.com/track/03xMCZmdtvF2LAK2Fizm9y,2026-01-05T00:41:12Z,False,David Tao,"['mandopop', 'chinese r&b', 'c-pop', 'taiwanese pop', 'malay pop']",60,1270568,chinese,Chinese-script title,['Chinese-associated']
5NOpzXCW6DqkcqoZ31coDs,我们的明天 (《重返20岁》电影主题曲),Lu Han,3fS78kAWd9dVFyaPQ363YO,Lu Han,3fS78kAWd9dVFyaPQ363YO,6D7DAt11lIjuFH1Wu3mW8B,我们的明天 (《重返20岁》电影主题曲),2015-01-08,232052,3.8675333333333333,47,False,https://open.spotify.com/track/5NOpzXCW6DqkcqoZ31coDs,2026-01-07T19:49:48Z,False,Lu Han,"['c-pop', 'chinese r&b', 'mandopop', 'chinese hip hop', 'malay pop']",43,880624,chinese,Chinese-script title,['Chinese-associated']
59lBAMCis4C6NsPdUV35Vz,愛愛愛,Khalil Fong,1YrtUPrWcPfgdl9BaD9nhd,Khalil Fong,1YrtUPrWcPfgdl9BaD9nhd,75QhyYrpr4b3sJUvmYAU3v,愛愛愛,2006-12-31,215253,3.58755,66,False,https://open.spotify.com/track/59lBAMCis4C6NsPdUV35Vz,2026-01-07T19:49:52Z,False,Khalil Fong,"['chinese r&b', 'mandopop', 'c-pop', 'taiwanese pop', 'cantopop']",61,1001094,chinese,Chinese-script title,['Chinese-associated']
1HPhCmSgdHwB6GSizcomZI,突然想起你,Elva Hsiao,6yTAPw3o7oDH7lhj34jvbH,Elva Hsiao,6yTAPw3o7oDH7lhj34jvbH,2iFxrSfOHMw68At3k5JVE9,蕭亞軒--,1999-11-17,233840,3.8973333333333335,53,False,https://open.spotify.com/track/1HPhCmSgdHwB6GSizcomZI,2026-01-07T19:49:55Z,False,Elva Hsiao,"['mandopop', 'taiwanese pop', 'c-pop', 'malay pop']",51,235586,chinese,Chinese-script title,['Chinese-associated']
6NtVX4qwWMmAtNFaG485iq,沉溺（你让我的心不再结冰）,"邹沛沛, Pank","4ST2uUeBAbGgmskBWYRB8S, 2kzAAkLOfSYyOqPIfqT4He",邹沛沛,4ST2uUeBAbGgmskBWYRB8S,3erMutM4R4j8HXNo988pk4,沉溺（你让我的心不再结冰）,2023-03-29,193773,3.22955,66,False,https://open.spotify.com/track/6NtVX4qwWMmAtNFaG485iq,2026-01-07T19:49:57Z,False,邹沛沛,"['chinese r&b', 'c-pop', 'mandopop']",55,71322,chinese,Chinese-script title,['Chinese-associated']
2aY9L0d1OPp0eVf5Vco51i,日不落,JOLIN,1r9DuPTHiQ7hnRRZ99B8nL,JOLIN,1r9DuPTHiQ7hnRRZ99B8nL,0kRUeziXEIYLkNpvE2kcWS,特務J,2007-09-21,228506,3.8084333333333333,0,False,https://open.spotify.com/track/2aY9L0d1OPp0eVf5Vco51i,2026-01-07T20:21:36Z,False,JOLIN,"['mandopop', 'c-pop', 'taiwanese pop', 'malay pop']",61,1229596,chinese,Chinese-script title,['Chinese-associated']
5GFhOxvR2MWE6hEW1Nsws3,I am I,Jeno Liu,61tZPd3UsyMyQckgDGpqrt,Jeno Liu,61tZPd3UsyMyQckgDGpqrt,4l4w0iik88CvUZ5Ubqgkah,I am I,2008-06-24,227013,3.78355,27,False,https://open.spotify.com/track/5GFhOxvR2MWE6hEW1Nsws3,2026-02-01T02:22:46Z,False,Jeno Liu,"['mandopop', 'c-pop', 'taiwanese pop']",36,16431,latin,Latin-script title,['Chinese-associated']
5xEM5hIgJ1jjgcEBfpkt2F,Complicated,Avril Lavigne,0p4nmQO2msCgU4IF37Wi3j,Avril Lavigne,0p4nmQO2msCgU4IF37Wi3j,3zXjR3y2dUWklKmmp6lEhy,Let Go,2002-06-04,244506,4.0751,87,False,https://open.spotify.com/track/5xEM5hIgJ1jjgcEBfpkt2F,2026-02-01T02:22:50Z,False,Avril Lavigne,[],77,12579741,latin,Latin-script title,['Western/Latin-title-associated']
1ej9LT1NSgfAj6Vlyx9eVN,月光,Tiger Hu,3PpIzdLny8HwTnKp9joXdj,Tiger Hu,3PpIzdLny8HwTnKp9joXdj,2hNr56jZeSx1gGzjAeoxzC,男人歌 (全胜铂金版),2008,272026,4.533766666666667,35,False,https://open.spotify.com/track/1ej9LT1NSgfAj6Vlyx9eVN,2026-02-01T02:22:56Z,False,Tiger Hu,"['gufeng', 'mandopop', 'c-pop', 'taiwanese pop', 'chinese r&b', 'chinese hip hop']",48,237895,chinese,Chinese-script title,['Chinese-associated']
7fIP72hHPvNFI8XPYsxwQ9,歐若拉,Angela Chang,4txug0T3vYc9p20tuhfCUa,Angela Chang,4txug0T3vYc9p20tuhfCUa,5sIp9R8I3ZuXESPpkBI4i2,歐若拉,2004-12-01,259160,4.319333333333334,53,False,https://open.spotify.com/track/7fIP72hHPvNFI8XPYsxwQ9,2026-02-01T02:23:30Z,False,Angela Chang,"['mandopop', 'taiwanese pop', 'c-pop', 'malay pop']",52,653420,chinese,Chinese-script title,['Chinese-associated']
6UbGBmgyD376UCsd4tQ2Sy,Everybody Knows I Love You - Unplugged,Lovebugs,6piYZXXQCn1uniYcHcwS89,Lovebugs,6piYZXXQCn1uniYcHcwS89,1VRmYB5hIWxTJNgyRvYINi,Naked,2005-01-31,202413,3.37355,12,False,https://open.spotify.com/track/6UbGBmgyD376UCsd4tQ2Sy,2026-02-15T23:01:04Z,False,Lovebugs,[],25,6523,latin,Latin-script title,['Western/Latin-title-associated']
7D3mXc4XWqF3WwraXL5iDa,Make Love,BIGBANG,4Kxlr1PRlDKEB0ekOCyHgX,BIGBANG,4Kxlr1PRlDKEB0ekOCyHgX,1jEFohZ79xLBF0UxwBdi2V,2009 BIGBANG LIVE CONCERT : BIG SHOW,2009-04-22,223800,3.73,30,False,https://open.spotify.com/track/7D3mXc4XWqF3WwraXL5iDa,2026-02-21T00:46:30Z,False,BIGBANG,['k-pop'],71,6530949,latin,Latin-script title,['Korean-associated']
3UGIZ8qcrMTwzLbx6Kttqt,Boyfriend,Justin Bieber,1uNFoZAHBGtllmzznpCI3s,Justin Bieber,1uNFoZAHBGtllmzznpCI3s,5cxMa6oLINJzmZ8lF7wWQN,Believe,2012-01-01,171333,2.85555,84,False,https://open.spotify.com/track/3UGIZ8qcrMTwzLbx6Kttqt,2026-02-22T22:07:58Z,False,Justin Bieber,[],96,91076968,latin,Latin-script title,['Western/Latin-title-associated']
61fUybL3XS40gcffnnNPoX,One Step Closer,Linkin Park,6XyY86QOPPrYVGvF9ch6wz,Linkin Park,6XyY86QOPPrYVGvF9ch6wz,2pKw6GERJVAD61449B1EEM,Hybrid Theory,2000-10-24,157333,2.6222166666666666,65,False,https://open.spotify.com/track/61fUybL3XS40gcffnnNPoX,2026-02-21T21:07:35Z,False,Linkin Park,"['nu metal', 'rap metal', 'rock', 'alternative metal']",89,34542635,latin,Latin-script title,['Western-associated']
0HPD5WQqrq7wPWR7P7Dw1i,TiK ToK,Kesha,6LqNN22kT3074XbTVUrhzX,Kesha,6LqNN22kT3074XbTVUrhzX,6fpLLJsDSSAlToEDW2jv4F,Animal (Expanded Edition),2010-01-01,199693,3.3282166666666666,87,False,https://open.spotify.com/track/0HPD5WQqrq7wPWR7P7Dw1i,2026-02-21T21:11:02Z,False,Kesha,[],80,9770155,latin,Latin-script title,['Western/Latin-title-associated']
4Yf5bqU3NK4kNOypcrLYwU,Faint,Linkin Park,6XyY86QOPPrYVGvF9ch6wz,Linkin Park,6XyY86QOPPrYVGvF9ch6wz,4Gfnly5CzMJQqkUFfoHaP3,Meteora,2003-03-25,162106,2.701766666666667,87,False,https://open.spotify.com/track/4Yf5bqU3NK4kNOypcrLYwU,2026-02-21T21:12:24Z,False,Linkin Park,"['nu metal', 'rap metal', 'rock', 'alternative metal']",89,34542635,latin,Latin-script title,['Western-associated']
7rFe0uEHuONOTavUfaxEcS,One Step At a Time,Jordin Sparks,2AQjGvtT0pFYfxR3neFcvz,Jordin Sparks,2AQjGvtT0pFYfxR3neFcvz,3SR9XT8f7LEUDcMFZO4wPd,Jordin Sparks,2007-11-19,205160,3.4193333333333333,63,False,https://open.spotify.com/track/7rFe0uEHuONOTavUfaxEcS,2026-02-21T21:13:29Z,False,Jordin Sparks,[],63,2579847,latin,Latin-script title,['Western/Latin-title-associated']
7yD6uO0S7hES37x0jxY6hf,きみの て,Every Little Thing,7dZHl3ZmH21XpCwvcMlnml,Every Little Thing,7dZHl3ZmH21XpCwvcMlnml,6JpnUd3iaVbx0E2Klp5aqa,Every Best Single 2 〜middLe period〜,2015-09-23,288826,4.813766666666667,7,False,https://open.spotify.com/track/7yD6uO0S7hES37x0jxY6hf,2026-02-22T22:56:33Z,False,Every Little Thing,"['j-pop', 'kayōkyoku']",57,625220,japanese,Japanese-script title,['Japanese-associated']
1HqbC9kqK4jmJZE36Gwcbt,不正常,Jam Hsiao,4AJcTAMOLkRl3vf4syay8Q,Jam Hsiao,4AJcTAMOLkRl3vf4syay8Q,53wXwPmlDCyRwDscrxh6AY,以愛之名,2012-11-28,209813,3.4968833333333333,0,False,https://open.spotify.com/track/1HqbC9kqK4jmJZE36Gwcbt,2026-02-24T20:34:39Z,False,Jam Hsiao,"['mandopop', 'taiwanese pop', 'c-pop', 'malay pop', 'chinese rock']",48,584421,chinese,Chinese-script title,['Chinese-associated']
5BqKtuCFLfZyzfZOwlgW1f,Wind,Akeboshi,7whUoQAv5bVu2Cv4ZmgTyw,Akeboshi,7whUoQAv5bVu2Cv4ZmgTyw,6lTOmOSRAWvAwdv15KnMb8,Akeboshi,2005-06-22,220600,3.6766666666666667,71,False,https://open.spotify.com/track/5BqKtuCFLfZyzfZOwlgW1f,2026-02-27T17:51:28Z,False,Akeboshi,['anime'],52,47651,latin,Latin-script title,['Japanese-associated']
5qxBG29roWzqj2juppx49M,去年夏天,王大毛,11xeh02ekGRr6slWHPEIaC,王大毛,11xeh02ekGRr6slWHPEIaC,4Nq6l9fS7DqS4Ph1Q0WIlU,去年夏天,2019-04-29,245026,4.0837666666666665,46,False,https://open.spotify.com/track/5qxBG29roWzqj2juppx49M,2026-02-27T17:51:32Z,False,王大毛,"['c-pop', 'mandopop']",30,5852,chinese,Chinese-script title,['Chinese-associated']
2tgIvnkdDSBYsNBPGeffLJ,Kiss Goodbye,Leehom Wang,2F5W6Rsxwzg0plQ0w8dSyt,Leehom Wang,2F5W6Rsxwzg0plQ0w8dSyt,34D46J9tIGCqAj3FeiEA9O,蓋世英雄,2005-12-30,262013,4.366883333333333,55,False,https://open.spotify.com/track/2tgIvnkdDSBYsNBPGeffLJ,2026-03-01T22:03:54Z,False,Leehom Wang,"['mandopop', 'c-pop', 'taiwanese pop', 'chinese r&b', 'malay pop']",57,1192346,latin,Latin-script title,['Chinese-associated']
2b7O6Tcku6S4vPAVUpCFl0,依然愛你,Leehom Wang,2F5W6Rsxwzg0plQ0w8dSyt,Leehom Wang,2F5W6Rsxwzg0plQ0w8dSyt,51AiSotGTbqBLQrU89XEhA,火力全開 新歌 + 精選,2011-09-30,246226,4.103766666666667,53,False,https://open.spotify.com/track/2b7O6Tcku6S4vPAVUpCFl0,2026-03-01T22:04:00Z,False,Leehom Wang,"['mandopop', 'c-pop', 'taiwanese pop', 'chinese r&b', 'malay pop']",57,1192346,chinese,Chinese-script title,['Chinese-associated']
7DQOE8yIchm7bPPvJ0w6Bf,好心分手 (feat. Leehom Wang),"Candy Lo, Leehom Wang","51ZbCFgOspWvhBjd1DUYEV, 2F5W6Rsxwzg0plQ0w8dSyt",Candy Lo,51ZbCFgOspWvhBjd1DUYEV,7yn80UGvcC7VOPMJjxZZEa,不能不愛…盧巧音精選,1998,180226,3.0037666666666665,55,False,https://open.spotify.com/track/7DQOE8yIchm7bPPvJ0w6Bf,2026-03-01T22:04:06Z,False,Candy Lo,"['cantopop', 'mandopop', 'c-pop', 'taiwanese pop']",44,120066,mixed,Mixed-script title,['Chinese-associated']
60tmvqe54CVFvmKTVlnnQN,春雨裡洗過的太陽,Leehom Wang,2F5W6Rsxwzg0plQ0w8dSyt,Leehom Wang,2F5W6Rsxwzg0plQ0w8dSyt,4q3Dp4JkTVThfMe2OiZfUx,心跳,2008-12-01,291693,4.86155,41,False,https://open.spotify.com/track/60tmvqe54CVFvmKTVlnnQN,2026-03-02T02:47:59Z,False,Leehom Wang,"['mandopop', 'c-pop', 'taiwanese pop', 'chinese r&b', 'malay pop']",57,1192346,chinese,Chinese-script title,['Chinese-associated']
6akVETVeqqPVvuBS5e0EB1,孤勇者 - 《英雄聯盟：雙城之戰》動畫劇集中文主題曲,Eason Chan,2QcZxAgcs2I1q7CtCkl6MI,Eason Chan,2QcZxAgcs2I1q7CtCkl6MI,5AXZCa9l5fESG0jLuaOchp,孤勇者 (《英雄聯盟：雙城之戰》動畫劇集中文主題曲),2021-12-07,256000,4.266666666666667,60,False,https://open.spotify.com/track/6akVETVeqqPVvuBS5e0EB1,2026-03-03T19:57:00Z,False,Eason Chan,"['cantopop', 'mandopop', 'c-pop', 'taiwanese pop']",66,4120437,chinese,Chinese-script title,['Chinese-associated']
6Yfj32isBglNXtHWLZtqTG,你的愛,Leehom Wang,2F5W6Rsxwzg0plQ0w8dSyt,Leehom Wang,2F5W6Rsxwzg0plQ0w8dSyt,65V5pwpP4cQjiapCGDZtzm,你的愛,2015-01-23,231226,3.8537666666666666,42,False,https://open.spotify.com/track/6Yfj32isBglNXtHWLZtqTG,2026-03-04T19:09:25Z,False,Leehom Wang,"['mandopop', 'c-pop', 'taiwanese pop', 'chinese r&b', 'malay pop']",57,1192346,chinese,Chinese-script title,['Chinese-associated']
2isNU5MCaoKgQDXefPWwHR,きみと恋のままで終われない いつも夢のままじゃいられない,Mai Kuraki,4x3GOic9xXFOoOBrEMuvN9,Mai Kuraki,4x3GOic9xXFOoOBrEMuvN9,7F53KdILmtbxx5GyvPu3jh,Let's GOAL！-薔薇色の人生-,2019-08-14,274140,4.569,43,False,https://open.spotify.com/track/2isNU5MCaoKgQDXefPWwHR,2026-03-05T19:45:54Z,False,Mai Kuraki,"['j-pop', 'anime']",52,166056,mixed,Mixed-script title,['Japanese-associated']
0U7glEXwSbzi888SZdpl5V,ありがとう。愛してた人 feat. Spontania,"Tiara, Spontania","2i7pUrZo9AJeK9XR6nPhqD, 3B1Bb9rGqk3iAcn0G6V21S",Tiara,2i7pUrZo9AJeK9XR6nPhqD,4XE2lk1tkusHpiBqakGaDL,LOVERS ~Tiara Collaborations Album~,2011-09-07,240186,4.0031,35,False,https://open.spotify.com/track/0U7glEXwSbzi888SZdpl5V,2026-03-05T19:53:31Z,False,Tiara,"['j-r&b', 'enka', 'j-pop']",37,13047,mixed,Mixed-script title,['Japanese-associated']
7MfJVe7of8qWEMcCwQnAvS,Pushing Me Away,Linkin Park,6XyY86QOPPrYVGvF9ch6wz,Linkin Park,6XyY86QOPPrYVGvF9ch6wz,2pKw6GERJVAD61449B1EEM,Hybrid Theory,2000-10-24,191440,3.1906666666666665,53,False,https://open.spotify.com/track/7MfJVe7of8qWEMcCwQnAvS,2026-03-09T20:06:52Z,False,Linkin Park,"['nu metal', 'rap metal', 'rock', 'alternative metal']",89,34542635,latin,Latin-script title,['Western-associated']
64TfjW0Ebj9Uq0ik2OfmE7,Rise - Acoustic,"Jonas Blue, Jack & Jack","1HBjj22wzbscIZ9sEb5dyf, 1INuLZXjjVbcJRyWvD1iSq",Jonas Blue,1HBjj22wzbscIZ9sEb5dyf,4M4lVwxi3BpaAmv9hMIzrm,Rise (Acoustic),2018-07-13,232650,3.8775,42,False,https://open.spotify.com/track/64TfjW0Ebj9Uq0ik2OfmE7,2026-03-09T20:08:18Z,False,Jonas Blue,['tropical house'],74,3928792,latin,Latin-script title,['Western/Latin-title-associated']
47rK8X3g7U4rkesGoImcWs,夠愛,"Pets Tseng, 東城衞","1he19XnDUahODrmRwKlC8w, 2O6keICsqHVz0aT76uZ5bw",Pets Tseng,1he19XnDUahODrmRwKlC8w,2FSlLMcMEqOSjWAdTiT77G,強辯之終極三國 - 三團鼎立Super大鬥陣,2009-04-03,291666,4.8611,58,False,https://open.spotify.com/track/47rK8X3g7U4rkesGoImcWs,2026-03-10T19:05:15Z,False,Pets Tseng,"['mandopop', 'taiwanese pop', 'c-pop', 'malay pop']",57,120011,chinese,Chinese-script title,['Chinese-associated']
7lCLZlVt6g4ifoHXpXEHZm,少一點天份,Shi Shi,4XKp9GFAQfsh2NflSRnHQi,Shi Shi,4XKp9GFAQfsh2NflSRnHQi,4vQmhM0pqz8ddnohjA5ojb,Girls,2014-12-17,276673,4.6112166666666665,57,False,https://open.spotify.com/track/7lCLZlVt6g4ifoHXpXEHZm,2026-03-11T16:14:29Z,False,Shi Shi,"['chinese r&b', 'taiwanese indie', 'mandopop', 'taiwanese pop', 'c-pop', 'chinese indie']",51,216572,chinese,Chinese-script title,['Chinese-associated']
2zB7NKVnzRh7xSUSPLErFr,明明就,Jay Chou,2elBjNSdBE2Y3f0j1mjrql,Jay Chou,2elBjNSdBE2Y3f0j1mjrql,6n2mXP41BEn7b3FXX3Hcc9,十二新作,2012-12-28,260385,4.33975,60,False,https://open.spotify.com/track/2zB7NKVnzRh7xSUSPLErFr,2026-03-13T20:54:34Z,False,Jay Chou,"['mandopop', 'c-pop', 'taiwanese pop', 'gufeng', 'malay pop', 'cantopop', 'chinese r&b']",74,8429851,chinese,Chinese-script title,['Chinese-associated']
6ZfEoBHT2sVfK5J3sThYj8,荊棘裡的花,F.I.R.,5oqLnVZzJJXE3YnzzZfRKu,F.I.R.,5oqLnVZzJJXE3YnzzZfRKu,2eGefDBtgBXkLGrf6lOxBF,讓我們一起微笑吧 !,2010-01-01,256839,4.28065,34,False,https://open.spotify.com/track/6ZfEoBHT2sVfK5J3sThYj8,2026-03-17T01:56:42Z,False,F.I.R.,"['mandopop', 'taiwanese pop', 'c-pop', 'malay pop']",56,264978,chinese,Chinese-script title,['Chinese-associated']
5YIE4zEnrE3uoYpExV0qMt,Road Trip,Darin,1rKFeRryEci6cxNkdvHzNr,Darin,1rKFeRryEci6cxNkdvHzNr,1NKKpddup4zMXmcQ3splXy,Flashback,2008-12-01,285240,4.754,22,False,https://open.spotify.com/track/5YIE4zEnrE3uoYpExV0qMt,2026-03-17T16:22:18Z,False,Darin,['swedish pop'],53,192906,latin,Latin-script title,['Western-associated']
3BmjRmFTESgWZLPSVGp8aG,Lying from You,Linkin Park,6XyY86QOPPrYVGvF9ch6wz,Linkin Park,6XyY86QOPPrYVGvF9ch6wz,0y13VbGddQ4azdVWakksAL,Meteora (Bonus Edition),2003-03-25,175053,2.91755,74,False,https://open.spotify.com/track/3BmjRmFTESgWZLPSVGp8aG,2026-03-17T18:08:57Z,False,Linkin Park,"['nu metal', 'rap metal', 'rock', 'alternative metal']",89,34542635,latin,Latin-script title,['Western-associated']
01sDr6ttdOx28KUbJAe4s9,always,Mai Kuraki,4x3GOic9xXFOoOBrEMuvN9,Mai Kuraki,4x3GOic9xXFOoOBrEMuvN9,62x02MsXfLo68TSHkiVEXZ,Perfect Crime,2001-07-04,249300,4.155,40,False,https://open.spotify.com/track/01sDr6ttdOx28KUbJAe4s9,2026-03-17T18:12:51Z,False,Mai Kuraki,"['j-pop', 'anime']",52,166056,latin,Latin-script title,['Japanese-associated']
0ythI9X6LKTbFCUOAVIOAo,Gone In a Flash,"Jamillions, Razah","6uMifszwAxqc9GprQpyQBp, 3pYICUWFrRBPYc96N9PbHX",Jamillions,6uMifszwAxqc9GprQpyQBp,7m0Xf07juykSvXpSQpd0CE,Almost Famous (Bonus Track Version),2010-10-13,206043,3.43405,23,False,https://open.spotify.com/track/0ythI9X6LKTbFCUOAVIOAo,2026-03-21T23:44:50Z,False,Jamillions,[],25,9167,latin,Latin-script title,['Western/Latin-title-associated']
3AmxvnqctdvnJnyNPaHTbv,History,EXO-K,6wPBIyIIMxoqgux29bGF8I,EXO-K,6wPBIyIIMxoqgux29bGF8I,6W3V8bPlayCUbCDRoIRWuc,Mama - The 1st Mini Album,2012-04-09,209801,3.4966833333333334,56,False,https://open.spotify.com/track/3AmxvnqctdvnJnyNPaHTbv,2026-03-22T18:16:44Z,False,EXO-K,['k-pop'],53,1948747,latin,Latin-script title,['Korean-associated']
1EvB6tE5CHluLZaWm3r0bT,MAMA,EXO-K,6wPBIyIIMxoqgux29bGF8I,EXO-K,6wPBIyIIMxoqgux29bGF8I,6W3V8bPlayCUbCDRoIRWuc,Mama - The 1st Mini Album,2012-04-09,270452,4.507533333333333,64,False,https://open.spotify.com/track/1EvB6tE5CHluLZaWm3r0bT,2026-03-22T18:16:48Z,False,EXO-K,['k-pop'],53,1948747,latin,Latin-script title,['Korean-associated']
6InX9TFsaezFfm8E258IuT,Secret of my heart,Mai Kuraki,4x3GOic9xXFOoOBrEMuvN9,Mai Kuraki,4x3GOic9xXFOoOBrEMuvN9,5lziKQPUSUUcV95TLVbhsE,delicious way,2000-06-28,264533,4.408883333333334,54,False,https://open.spotify.com/track/6InX9TFsaezFfm8E258IuT,2026-03-24T19:18:20Z,False,Mai Kuraki,"['j-pop', 'anime']",52,166056,latin,Latin-script title,['Japanese-associated']
5UAWckrvg6TC2IO1Zvet2Z,Pieces,Sum 41,0qT79UgT5tY4yudH9VfsdT,Sum 41,0qT79UgT5tY4yudH9VfsdT,3v2T4W7QaY8bnXExnbr6Lp,All the Good Shit,2008-11-26,181600,3.026666666666667,50,True,https://open.spotify.com/track/5UAWckrvg6TC2IO1Zvet2Z,2026-03-24T22:06:55Z,False,Sum 41,"['pop punk', 'punk', 'skate punk']",71,4542221,latin,Latin-script title,['Western-associated']
2sky5wSdKFF7nuoA8kB5dx,你不在,Leehom Wang,2F5W6Rsxwzg0plQ0w8dSyt,Leehom Wang,2F5W6Rsxwzg0plQ0w8dSyt,2cxvk2EK2Rx8fqc4JmHZ0x,不可思議,2003-10-01,273920,4.565333333333333,49,False,https://open.spotify.com/track/2sky5wSdKFF7nuoA8kB5dx,2026-03-31T18:39:51Z,False,Leehom Wang,"['mandopop', 'c-pop', 'taiwanese pop', 'chinese r&b', 'malay pop']",57,1192346,chinese,Chinese-script title,['Chinese-associated']
6OAUhxFZzaRHHC8XiuIkvb,人質,A-Mei Chang,6noxsCszBEEK04kCehugOp,A-Mei Chang,6noxsCszBEEK04kCehugOp,1fsechrfx3xbd80bQcXzyM,我要快樂 (Deluxe Version),2006-02-17,232853,3.8808833333333332,64,False,https://open.spotify.com/track/6OAUhxFZzaRHHC8XiuIkvb,2026-04-04T21:51:39Z,False,A-Mei Chang,"['mandopop', 'taiwanese pop', 'c-pop', 'malay pop']",61,1293497,chinese,Chinese-script title,['Chinese-associated']
7LHaRfgjJzOEzvnAZVxxtR,好久不見,Eason Chan,2QcZxAgcs2I1q7CtCkl6MI,Eason Chan,2QcZxAgcs2I1q7CtCkl6MI,2CKvwKuHcZvnt4mC9DB6Fk,認了吧,2007-04-24,250493,4.174883333333334,55,False,https://open.spotify.com/track/7LHaRfgjJzOEzvnAZVxxtR,2026-04-04T21:51:47Z,False,Eason Chan,"['cantopop', 'mandopop', 'c-pop', 'taiwanese pop']",66,4120437,chinese,Chinese-script title,['Chinese-associated']
2SxXpn73WqM4zWhmWxeQ4s,愛笑的眼睛,JJ Lin,7Dx7RhX0mFuXhCOUgB01uM,JJ Lin,7Dx7RhX0mFuXhCOUgB01uM,2jzTdhgI2kvDx6NerFsRe8,她說,2010-12-08,251521,4.1920166666666665,62,False,https://open.spotify.com/track/2SxXpn73WqM4zWhmWxeQ4s,2026-04-04T21:52:12Z,False,JJ Lin,"['mandopop', 'c-pop', 'taiwanese pop', 'malay pop']",67,4257974,chinese,Chinese-script title,['Chinese-associated']
0E8P8DNhj10IAF62AAjpgd,可惜沒如果,JJ Lin,7Dx7RhX0mFuXhCOUgB01uM,JJ Lin,7Dx7RhX0mFuXhCOUgB01uM,4ej0iaGUNXJOUCudwbESIQ,新地球,2014-12-27,298293,4.97155,65,False,https://open.spotify.com/track/0E8P8DNhj10IAF62AAjpgd,2026-04-04T21:52:14Z,False,JJ Lin,"['mandopop', 'c-pop', 'taiwanese pop', 'malay pop']",67,4257974,chinese,Chinese-script title,['Chinese-associated']
4JrGpUQothsSVR6iBhR9NC,飄向北方,"Namewee, Leehom Wang","24jrxG0tKcwgAzsLuPzyMi, 2F5W6Rsxwzg0plQ0w8dSyt",Namewee,24jrxG0tKcwgAzsLuPzyMi,79qOLO957u7UdaO1nA01cP,亞洲通車,2016-12-30,269181,4.48635,55,False,https://open.spotify.com/track/4JrGpUQothsSVR6iBhR9NC,2026-04-09T21:20:19Z,False,Namewee,"['mandopop', 'c-pop', 'taiwanese pop', 'chinese hip hop', 'cantopop']",46,394992,chinese,Chinese-script title,['Chinese-associated']
6fim86rMVmWNHKwKm48DKB,一吻天荒,胡歌,04T9gfyccsmxG79OSJp5r1,胡歌,04T9gfyccsmxG79OSJp5r1,64y016NmqrBDa76EAXEAYU,一吻天荒,2011-05-31,250006,4.166766666666667,42,False,https://open.spotify.com/track/6fim86rMVmWNHKwKm48DKB,2026-04-15T01:14:39Z,False,胡歌,"['gufeng', 'c-pop', 'mandopop']",33,27693,chinese,Chinese-script title,['Chinese-associated']
0Q5IxEqrMOl6rN4Mfkol1s,夏夜,四季音色,7I6BcL7hpJB7DATY9uPXcH,四季音色,7I6BcL7hpJB7DATY9uPXcH,5BctITnbQaj31pjZhUIWhl,四季故事,2018-02-06,184817,3.0802833333333335,32,False,https://open.spotify.com/track/0Q5IxEqrMOl6rN4Mfkol1s,2026-04-15T22:42:33Z,False,四季音色,[],26,3640,chinese,Chinese-script title,['Chinese-associated']
0OYcEfskah1egYHjYRvbg1,Shadow of the Day,Linkin Park,6XyY86QOPPrYVGvF9ch6wz,Linkin Park,6XyY86QOPPrYVGvF9ch6wz,2tlTBLz2w52rpGCLBGyGw6,Minutes to Midnight,2007-05-14,289906,4.831766666666667,73,False,https://open.spotify.com/track/0OYcEfskah1egYHjYRvbg1,2026-04-21T04:57:20Z,False,Linkin Park,"['nu metal', 'rap metal', 'rock', 'alternative metal']",89,34542635,latin,Latin-script title,['Western-associated']
50jyxHSIHAz7N5jIzODvs4,More the Victim,Linkin Park,6XyY86QOPPrYVGvF9ch6wz,Linkin Park,6XyY86QOPPrYVGvF9ch6wz,3Q9wXhEAX7NYCPP0hxIuDz,Meteora 20th Anniversary Edition,2023-04-07,161000,2.683333333333333,68,False,https://open.spotify.com/track/50jyxHSIHAz7N5jIzODvs4,2026-04-21T22:59:02Z,False,Linkin Park,"['nu metal', 'rap metal', 'rock', 'alternative metal']",89,34542635,latin,Latin-script title,['Western-associated']
6w1uqluhcV4Q8aNMDnZlIZ,Time to Time (Annie),Daniel Seavey,21z8to3YxZXgKYJpBB54P2,Daniel Seavey,21z8to3YxZXgKYJpBB54P2,05USGegWxbTPtVePsT3oru,Time to Time (Annie),2026-04-24,172554,2.8759,66,False,https://open.spotify.com/track/6w1uqluhcV4Q8aNMDnZlIZ,2026-05-07T00:56:29Z,False,Daniel Seavey,[],56,245272,latin,Latin-script title,['Western/Latin-title-associated']
0kq3z5bkjjgbATzaMX7b61,The Older You Get,Daniel Seavey,21z8to3YxZXgKYJpBB54P2,Daniel Seavey,21z8to3YxZXgKYJpBB54P2,78ukESSuIkLhGjuQhvw0Nc,Second Wind,2025-03-07,216600,3.61,58,False,https://open.spotify.com/track/0kq3z5bkjjgbATzaMX7b61,2026-05-07T00:56:35Z,False,Daniel Seavey,[],56,245272,latin,Latin-script title,['Western/Latin-title-associated']
1wkmS6iTkterreXQrsbP8I,Down,Cult To Follow,5txAC0hwbFB09Nv8Y1hPJl,Cult To Follow,5txAC0hwbFB09Nv8Y1hPJl,2buOivmrvwo48uDDzM6t8N,The Inception,2017-12-12,230490,3.8415,52,False,https://open.spotify.com/track/1wkmS6iTkterreXQrsbP8I,2026-05-09T23:07:00Z,False,Cult To Follow,[],52,138092,latin,Latin-script title,['Western/Latin-title-associated']
5rEC0EtVBMfvwfYHX0pNys,太坦白,Ronghao Li,0rTP0x4vRFSDbhtqcCqc8K,Ronghao Li,0rTP0x4vRFSDbhtqcCqc8K,70D9hbAh2WlSiQn0gj0Vq1,模特,2013-09-16,296803,4.946716666666667,39,False,https://open.spotify.com/track/5rEC0EtVBMfvwfYHX0pNys,2026-05-20T20:59:55Z,False,Ronghao Li,"['mandopop', 'c-pop', 'taiwanese pop', 'malay pop']",59,1215241,chinese,Chinese-script title,['Chinese-associated']
